Workbook

Sheet 개요
A1: 통합 AI 보안위협 매트릭스 (UTM) v3.2 LITE
A2: Lv1 도메인 10 · Lv2 위협 분류 36 · Lv3 세부 위협 124 · 위험 평가(발생가능성×심각도) | 2026-10-02 | 작성 중 — D01·D02 및 분류 변경 Lv3를 v3.2 문체로 재작성, D03~D10 순차 재작성 예정
A4: 1. 통합 대상 소스
A5: 소스 | B5: 버전 / 공개일 | C5: 규모 | D5: 관점 | E5: 입수 경로
A6: MITRE ATLAS | B6: v2026.09 (2026-09-15) | C6: 전술 16 · 기법 208 · 완화책 40 · 사례 73 · 절차 665 | D6: 공격자 TTP | E6: ATLAS-2026_09.yaml · excel-atlas*.xlsx
A7: OWASP Top 10 for LLM Applications | B7: 2026 (2026-08-04) | C7: 10 | D7: LLM 애플리케이션 위험 | E7: 원문 PDF
A8: OWASP Top 10 for Agentic Applications | B8: 2026 (2025-12-09) | C8: 10 + 사고 추적표 25건 | D8: 에이전트 위험 | E8: 원문 PDF
A9: OWASP GenAI Data Security | B9: 2026 v1.0 (2026-03) | C9: 21 | D9: 데이터 생애주기 위험 | E9: 원문 PDF
A10: OWASP MCP Top 10 | B10: 2025 (beta) | C10: 10 | D10: MCP 프로토콜 계층 | E10: github.com/OWASP/www-project-mcp-top-10
A12: 2. 핵심 지표 (수식 연동)
A13: 지표 | B13: 값
A14: Lv1 도메인 / Lv2 위협 분류 / Lv3 세부 위협 | B14: =SUMPRODUCT(1/COUNTIF(통합매트릭스!$A$5:$A$128,통합매트릭스!$A$5:$A$128))&" / "&SUMPRODUCT(1/COUNTIF(통합매트릭스!$B$5:$B$128,통합매트릭스!$B$5:$B$128))&" / "&COUNTA(통합매트릭스!$D$5:$D$128)
A15: 위험도 매우 높음 / 높음 / 보통 / 낮음 | B15: =COUNTIF(통합매트릭스!$J$5:$J$128,"매우 높음")&" / "&COUNTIF(통합매트릭스!$J$5:$J$128,"높음")&" / "&COUNTIF(통합매트릭스!$J$5:$J$128,"보통")&" / "&COUNTIF(통합매트릭스!$J$5:$J$128,"낮음")
A16: 근거 수준 실제 사고 확인 / 실사용 기법 포함 / 실증·공개 취약점 / 이론·시나리오 | B16: =COUNTIF(통합매트릭스!$L$5:$L$128,"실제 사고 확인")&" / "&COUNTIF(통합매트릭스!$L$5:$L$128,"실사용 기법 포함")&" / "&COUNTIF(통합매트릭스!$L$5:$L$128,"실증·공개 취약점")&" / "&COUNTIF(통합매트릭스!$L$5:$L$128,"이론·시나리오")
A17: 실제 사고가 1건 이상 연결된 Lv3 | B17: =COUNTIF(통합매트릭스!$M$5:$M$128,">0")
A18: v3.2 문체 재작성 Lv3 / 전체 | B18: 38 / 124
A20: 3. 위험 매트릭스 (Lv3 수)
A21: 발생가능성 \ 심각도 | B21: 상 | C21: 중 | D21: 하
A22: 상 | B22: =COUNTIFS(통합매트릭스!$H$5:$H$128,"상",통합매트릭스!$I$5:$I$128,"상") | C22: =COUNTIFS(통합매트릭스!$H$5:$H$128,"상",통합매트릭스!$I$5:$I$128,"중") | D22: =COUNTIFS(통합매트릭스!$H$5:$H$128,"상",통합매트릭스!$I$5:$I$128,"하")
A23: 중 | B23: =COUNTIFS(통합매트릭스!$H$5:$H$128,"중",통합매트릭스!$I$5:$I$128,"상") | C23: =COUNTIFS(통합매트릭스!$H$5:$H$128,"중",통합매트릭스!$I$5:$I$128,"중") | D23: =COUNTIFS(통합매트릭스!$H$5:$H$128,"중",통합매트릭스!$I$5:$I$128,"하")
A24: 하 | B24: =COUNTIFS(통합매트릭스!$H$5:$H$128,"하",통합매트릭스!$I$5:$I$128,"상") | C24: =COUNTIFS(통합매트릭스!$H$5:$H$128,"하",통합매트릭스!$I$5:$I$128,"중") | D24: =COUNTIFS(통합매트릭스!$H$5:$H$128,"하",통합매트릭스!$I$5:$I$128,"하")
A26: 4. 시트 구성
A27: 시트 | B27: 내용
A28: 통합매트릭스 | B28: 핵심 산출물. Lv3 124행 — 분류 체계, 요약설명·참조(AI 관점·실제 사례), 위험 평가, 교차 매핑(공격 단계·ATLAS·OWASP), 핵심 통제(Lv2)
A29: 도메인·평가기준 | B29: 3단 분류 정의와 작성 규칙, Lv1 도메인 리스크 정의·경계 판정 규칙, 위험 평가·근거 수준 기준, 참조 작성 규칙
A30: ATLAS사례연구 | B30: MITRE ATLAS 사례 73건 요약과 Lv3 매핑 — 참조의 'ATLAS AML.CS' 출처 조회용
A31: 변경이력 | B31: 버전별 변경 내역과 Lv3 ID 대응표(폐지 ID는 재사용하지 않음)

Sheet 통합매트릭스
A1: 통합 AI 보안위협 매트릭스 v3.2 LITE — Lv1 도메인(10) · Lv2 위협 분류(36) · Lv3 세부 위협(124)
A2: 기준: MITRE ATLAS v2026.09 · OWASP LLM Top 10 2026 · Agentic Top 10 2026 · GenAI Data Security 2026 v1.0 · MCP Top 10(2025 beta) | 2026-10-02 | 작성 중 — D01·D02 및 분류 변경 Lv3를 v3.2 문체로 재작성, D03~D10 순차 재작성 예정 — 회색 글자 = v3.1 문구 유지 행
A3: 분류 체계 (Lv1 · Lv2 · Lv3) | H3: 위험 평가 | N3: 교차 매핑 | Q3: 통제 (Lv2)
A4: 도메인 (Lv1) | B4: UT-ID | C4: 위협 분류 (Lv2) | D4: Lv3 ID | E4: 세부 위협 (Lv3) | F4: 요약설명 | G4: 참조 | H4: 발생가능성 | I4: 심각도 | J4: 위험도 | K4: 심각도 근거 | L4: 근거 수준 | M4: 실제 사고 수 | N4: 주 공격 단계 | O4: ATLAS 기법 (주) | P4: OWASP 매핑 (주) | Q4: 핵심 통제 요약
A5: D01. 공격 준비 및 AI 무기화 | B5: UT-01 | C5: AI 대상 정찰 및 접근 확보 | D5: UT-01.1 | E5: 공개 정보 수집 | F5: - 공격자는 논문·기술 블로그·코드 저장소·앱 스토어·조직 웹사이트와 인터넷 스캔 DB를 검색해, 대상 조직이 쓰는 AI의 모델 구조·학습 데이터·프레임워크와 관련 인물 정보를 수집할 수 있음 - 공개된 정보만 쓰므로 조직이 탐지할 수 없고, 수집 결과가 이후 대리 모델 구축·맞춤형 인젝션·피싱의 설계 근거가 됨 | G5: ■ AI 관점 - 기술 정보원: 학회 논문·프리프린트·기술 블로그·특허, 공개 취약점 분석 자료에서 대상 모델의 구조·데이터셋·알려진 공격 기법을 확인 (ATLAS AML.T0000·T0001) - 자산 정보원: 조직 웹사이트·앱 스토어·GitHub에서 AI 기능, 사용 프레임워크, 에이전트 설정 파일을 찾고, Shodan·Censys 같은 스캔 DB로 노출된 AI 서비스를 조회 (ATLAS AML.T0003·T0004·T0095·T0000.003) - 인물 정보: 임직원 이름·메일·얼굴 사진과 개인정보를 수집해 딥페이크·사칭(UT-04)의 재료로 씀 (ATLAS AML.T0087) - 수집은 조직 밖에서 끝나므로 직접 차단보다 모델 카드·기술 문서·저장소 공개 범위를 최소화하는 것이 현실적 통제임 ■ 실제 사례 - [실제 사고] Hermes 에이전트 공격(2026-05): DeepSeek 기반 에이전트가 GitHub에서 2026년 CVE PoC 저장소를 찾고, FOFA로 노출된 Langflow 84개·n8n 약 65만 건을 조회해 표적을 선정 (ATLAS AML.CS0070) - [실제 사고] 중국 세무 시스템 얼굴인식 우회(2020): 암시장에서 개인정보와 고해상도 얼굴 사진을 사들여 인증 우회에 사용, 약 7,700만 달러 부정 수취 (ATLAS AML.CS0004) - [실증] Jira Service Management 공격(2025-06): "site:atlassian.net/servicedesk" 검색으로 AI 연동 서비스 포털을 쓰는 조직을 표적 목록화 (ATLAS AML.CS0039) | H5: 상 | I5: 하 | J5: =IF(AND(H5="상",I5="상"),"매우 높음",IF(OR(AND(H5="상",I5="중"),AND(H5="중",I5="상")),"높음",IF(OR(AND(H5="중",I5="중"),AND(H5="상",I5="하"),AND(H5="하",I5="상")),"보통","낮음"))) | K5: 직접 피해 없음(후속 공격 설계 단계) | L5: 실제 사고 확인 | M5: 3 | N5: 정찰(Reconnaissance) | O5: T0000, T0000.000, T0000.001, T0000.002, T0000.003, T0001, T0003, T0004, T0087, T0095, T0095.000 | Q5: 공개 정보·모델 아티팩트 공개 최소화, 노출 자산 관리, AI 허니팟, 비정상 탐색·질의 탐지
A6: D01. 공격 준비 및 AI 무기화 | B6: UT-01 | C6: AI 대상 정찰 및 접근 확보 | D6: UT-01.2 | E6: 노출 AI 자산 스캔 | F6: - 공격자는 인터넷 포트 스캔, SaaS·에이전트 플랫폼의 메타데이터 API 조회, 에이전트 호출 채널(메일·웹훅) 탐침으로 외부에 노출된 AI 서비스와 에이전트를 찾아 공격 진입점을 목록화할 수 있음 - 자체 호스팅 AI 런타임은 잘 알려진 포트·API를 기본으로 열어 대량 스캔에 쉽게 걸리며, 자율 공격 에이전트가 이 과정을 자동화하고 있음 | G6: ■ AI 관점 - 스캔 대상: 모델 서빙 엔드포인트, Ray·노트북 같은 학습 클러스터 대시보드, 에이전트 관리 콘솔·게이트웨이 — 기본 포트와 표준 API가 예측 가능함 (ATLAS AML.T0006.002) - 플랫폼 열거: 에이전트·SaaS 플랫폼의 예측 가능한 URL 구조나 메타데이터 API로 특정 조직이 배포한 에이전트를 찾아냄 (ATLAS AML.T0006.000·T0006.001) - 트리거 탐침: 고객 지원 메일·웹훅·메신저 채널에 시험 입력을 보내 자동 응답 여부로 에이전트 존재와 동작 방식을 확인 (ATLAS AML.T0006.003) - 찾아낸 노출 서비스는 일반 초기 침투(UT-02.4)나 인증 없는 서비스 악용(UT-31.1)으로 바로 이어짐 ■ 실제 사례 - [실제 사고] ShadowRay(2023-09~): 공인 IP 스캔으로 인증 없이 노출된 Ray 대시보드를 찾아 최소 7개월간 악용 — 피해 장비 가치 약 10억 달러 추산 (ATLAS AML.CS0023) - [실제 사고] GTG-1002(2025-09): 탈옥한 Claude 에이전트가 표적 조직의 IP 대역 스캔과 취약점 스캔을 자율 수행해 공격 표면을 열거 (ATLAS AML.CS0069) - [실증] Copilot Studio 고객 지원 에이전트(2025-06): 공개된 지원 메일 주소로 시험 메일을 보내 자동 회신 여부로 AI 에이전트가 관리하는 받은편지함을 식별 (ATLAS AML.CS0037) | H6: 상 | I6: 하 | J6: =IF(AND(H6="상",I6="상"),"매우 높음",IF(OR(AND(H6="상",I6="중"),AND(H6="중",I6="상")),"높음",IF(OR(AND(H6="중",I6="중"),AND(H6="상",I6="하"),AND(H6="하",I6="상")),"보통","낮음"))) | K6: 직접 피해 없음(공격 진입점 식별 단계) | L6: 실제 사고 확인 | M6: 4 | N6: 정찰(Reconnaissance) | O6: T0006, T0006.000, T0006.001, T0006.002, T0006.003 | Q6: 공개 정보·모델 아티팩트 공개 최소화, 노출 자산 관리, AI 허니팟, 비정상 탐색·질의 탐지
A7: D01. 공격 준비 및 AI 무기화 | B7: UT-01 | C7: AI 대상 정찰 및 접근 확보 | D7: UT-01.3 | E7: AI 모델 접근 확보 | F7: - 공격자는 공개 추론 API·AI 탑재 제품·앱 패키지 속 모델 파일을 통해 대상 모델에 질의하거나 모델 전체를 손에 넣어, 추출·회피·인젝션 공격의 시험대를 확보할 수 있음 - 정상 사용자와 같은 접근 경로라 구분이 어렵고, 모델 파일까지 확보하면 오프라인에서 제한 없이 공격을 다듬을 수 있음 | G7: ■ AI 관점 - 질의 접근: 추론 API, 웹 채팅, 메일·SNS로 동작하는 AI 서비스를 통해 출력을 반복 관찰 — 대량 계정·프록시로 이용 제한을 피하기도 함 (ATLAS AML.T0040) - 간접 접근: 보안 제품·인증 앱처럼 AI를 내장한 제품을 써서 모델의 판정과 로그·메타데이터를 관찰 (ATLAS AML.T0047) - 전체 접근: 앱 패키지·노출된 레지스트리·저장소에서 모델 파일을 확보하면 화이트박스 공격과 오프라인 탐색이 가능 (ATLAS AML.T0044, UT-16.2) - 확보한 접근은 모델 복제(UT-16.1)·적대적 예제 검증(UT-17.1)·인젝션 시험(UT-06.1)의 출발점이 됨 ■ 실제 사례 - [실제 사고] Claude 증류 캠페인(2026-02): 약 2.4만 개의 부정 계정으로 Claude 추론 API에 접근해 1,600만 건을 질의 (ATLAS AML.CS0056) - [실제 사고] 중국 세무 시스템 얼굴인식 우회(2020): 가상 카메라 앱으로 생성 영상을 얼굴인식 인증 서비스에 직접 입력 (ATLAS AML.CS0004) - [실증] Google Photos 모델 추출(2025-03): 앱 패키지에서 암호화되지 않은 TFLite 모델을 꺼내고 암호화된 모델은 실행 중 복호화 시점에 가로채 화이트박스 접근 확보 (ATLAS AML.CS0058) | H7: 상 | I7: 중 | J7: =IF(AND(H7="상",I7="상"),"매우 높음",IF(OR(AND(H7="상",I7="중"),AND(H7="중",I7="상")),"높음",IF(OR(AND(H7="중",I7="중"),AND(H7="상",I7="하"),AND(H7="하",I7="상")),"보통","낮음"))) | K7: 질의 또는 전체 접근 확보로 추출/회피/추론 공격 기반 형성 | L7: 실제 사고 확인 | M7: 8 | N7: AI 모델 접근(AI Model Access) | O7: T0040, T0044, T0047 | Q7: 공개 정보·모델 아티팩트 공개 최소화, 노출 자산 관리, AI 허니팟, 비정상 탐색·질의 탐지
A8: D01. 공격 준비 및 AI 무기화 | B8: UT-01 | C8: AI 대상 정찰 및 접근 확보 | D8: UT-01.4 | E8: 모델 및 환경 탐색 | F8: - 공격자는 모델 출력·오류·로그를 관찰하거나 확보한 환경을 열거해 모델 계열·분류 체계·출력 점수 노출 여부와 내부 AI 자원·클라우드 구성을 파악할 수 있음 - 직접 피해는 없지만 공격 대상과 방법을 정밀하게 만들며, 탈취 자격증명으로 쓸 수 있는 AI 서비스를 찾는 단계로도 쓰임 | G8: ■ AI 관점 - 모델 탐색: 반복 질의로 출력 공간(분류 클래스)과 모델 계열을 추정하고, 응답 헤더·로그에 남은 신뢰도 점수처럼 불필요하게 노출된 출력을 찾음 (ATLAS AML.T0013·T0014·T0063) - 자산 탐색: 침투한 환경에서 학습·배포 소프트웨어 스택, 데이터 관리 시스템, 모델 레지스트리, 컨테이너 이미지 속 모델을 찾아냄 (ATLAS AML.T0007) - 환경 탐색: 계정·권한·네트워크·클라우드 자원과 활성화된 AI 서비스·할당량을 확인 — 탈취 키로 사용 가능한 LLM 서비스를 고르는 데 쓰임 (ATLAS AML.T0075·T0089, UT-25.4) - 프롬프트 질의로 에이전트 도구·권한을 파악하는 탐색은 UT-08.2에서 다룸 ■ 실제 사례 - [실제 사고] LLMjacking(2024-05): 탈취한 클라우드 자격증명으로 어떤 LLM 서비스가 켜져 있고 할당량이 얼마인지 확인한 뒤 무단 사용 (ATLAS AML.CS0030) - [실제 사고] GTG-1002(2025-09): 침투 후 에이전트가 시스템·네트워크 구성과 DB 유형을 확인하고 내부 네트워크 구조 전체를 매핑 (ATLAS AML.CS0069) - [실증] ProofPoint 회피(2019-09): 메일 헤더에 남은 모델 점수를 찾아 대리 모델 학습과 탐지 회피에 활용 (ATLAS AML.CS0008) | H8: 상 | I8: 하 | J8: =IF(AND(H8="상",I8="상"),"매우 높음",IF(OR(AND(H8="상",I8="중"),AND(H8="중",I8="상")),"높음",IF(OR(AND(H8="중",I8="중"),AND(H8="상",I8="하"),AND(H8="하",I8="상")),"보통","낮음"))) | K8: 탐색 단계로 직접 피해 제한적 | L8: 실제 사고 확인 | M8: 3 | N8: 탐색(Discovery) | O8: T0007, T0013, T0014, T0063, T0075, T0089 | Q8: 공개 정보·모델 아티팩트 공개 최소화, 노출 자산 관리, AI 허니팟, 비정상 탐색·질의 탐지
A9: D01. 공격 준비 및 AI 무기화 | B9: UT-02 | C9: 공격 준비 및 일반 침투 | D9: UT-02.1 | E9: 공격 도구 확보 | F9: - 공격자는 공개된 적대적 공격 구현체·익스플로잇·딥페이크 도구·탈옥 도구와 공격용 에이전트 프레임워크·스킬을 입수하거나 직접 개발해, AI 대상 공격과 공격 자동화 역량을 확보할 수 있음 - 조직 밖에서 이뤄지는 준비 단계라 직접 탐지가 어렵고, 공개 도구와 상용 범죄 서비스가 공격 진입 장벽을 크게 낮춤 | G9: ■ AI 관점 - 입수 대상: 적대적 공격 라이브러리·공개 PoC, 범용 해킹 도구, 얼굴 합성·가상 카메라 앱 같은 딥페이크 도구, 생성형 AI 서비스 접근권, AI 서비스 키 검증·역방향 프록시 도구 (ATLAS AML.T0016) - 자체 개발: 탐지 회피용 변이 기법, 모델 백도어 삽입 도구, 안전장치 우회 도구, 1클릭 RCE 스크립트처럼 표적 AI에 맞춘 공격 도구를 직접 제작 (ATLAS AML.T0017) - 에이전트 도구: 공격용 에이전트 프레임워크, 스캐너·익스플로잇을 감싼 MCP 서버, 침투 절차를 담은 스킬을 확보·제작해 자율 공격(UT-03.1)의 실행 기반으로 사용 (ATLAS AML.T0016.004·T0017.002) - 활동이 조직 밖에서 일어나므로 위협 인텔리전스로 도구 유통과 AI 제공자 오남용 신호를 추적하는 것이 현실적인 대응임 ■ 실제 사례 - [실제 사고] Hermes 에이전트 공격(2026-05): 위협 행위자가 Hermes 에이전트와 FOFA 검색 MCP 서버를 확보하고 인증 없는 WebSocket 익스플로잇 절차를 담은 스킬을 제작해, DeepSeek 기반으로 Langflow·n8n 취약점 공격을 자율 수행 — 접근에는 실패 (ATLAS AML.CS0070) - [실제 사고] LLMjacking(2024-05): AI 서비스 키 대량 검증 도구(keychecker)와 역방향 프록시(OAI Reverse Proxy)를 입수해, 탈취한 클라우드 자격증명의 LLM 접근권을 범죄자에게 재판매 (ATLAS AML.CS0030) - [실제 사고] Storm-2139(2024-12): 생성형 AI 서비스의 안전장치를 우회하는 도구 de3u를 개발해 금지 콘텐츠 생성에 사용 (ATLAS AML.CS0057) | H9: 상 | I9: 하 | J9: =IF(AND(H9="상",I9="상"),"매우 높음",IF(OR(AND(H9="상",I9="중"),AND(H9="중",I9="상")),"높음",IF(OR(AND(H9="중",I9="중"),AND(H9="상",I9="하"),AND(H9="하",I9="상")),"보통","낮음"))) | K9: 직접 피해 없음(공격 준비 단계) | L9: 실제 사고 확인 | M9: 10 | N9: 자원 개발(Resource Development) | O9: T0016, T0016.000, T0016.001, T0016.002, T0016.003, T0016.004, T0017, T0017.000, T0017.002 | Q9: 기존 엔터프라이즈 보안통제(패치·EDR·네트워크 분리·ATT&CK 기반 탐지)를 AI 인프라까지 확장
A10: D01. 공격 준비 및 AI 무기화 | B10: UT-02 | C10: 공격 준비 및 일반 침투 | D10: UT-02.2 | E10: 공개 AI 자원 입수 | F10: - 공격자는 대상과 같거나 비슷한 공개 데이터셋·사전학습 모델·에이전트 설정 파일을 입수해, 대리 모델을 만들고 공격을 실제 대상에 쓰기 전에 미리 검증할 수 있음 - 오픈 모델·공개 데이터가 많을수록 대리 모델의 정확도가 높아져 블랙박스 서비스에도 화이트박스 수준의 공격 준비가 가능해짐 | G10: ■ AI 관점 - 입수 대상: 대상이 쓰는 것과 같거나 대표성 있는 데이터셋, 공개된 기반 모델과 참조 구현, 공개 저장소의 에이전트 설정 파일(도구·데이터 소스·자격증명 구성) (ATLAS AML.T0002) - 쓰임새: 대리 모델 학습과 적대적 예제 사전 검증(UT-16.1·17.1), 변조 모델 제작의 원본 확보(UT-28.1), 에이전트 공격 설계(UT-08.2) - 클라우드 저장소·공개 서비스 설정 오류로 조직의 비공개 학습 데이터·모델이 함께 노출되면 준비 단계가 곧 자산 유출이 됨 (UT-31.1) ■ 실제 사례 - [실제 사고] Clearview AI 설정 오류(2020-04): 비밀번호로 보호된 코드 저장소에 누구나 계정을 만들 수 있어, 학습 데이터·애플리케이션·클라우드 버킷 키에 접근 가능한 상태로 노출 (ATLAS AML.CS0006) - [실증] 기계 번역 서비스 공격(2020-04): 대상 서비스와 유사한 데이터셋·모델 구조를 확보해 대리 모델을 만들고 적대적 입력을 실제 서비스에 전이 (ATLAS AML.CS0005) - [실증] OpenClaw C2(2026-02): GitHub 공개 저장소에서 에이전트 설정 파일을 확보해 인젝션 공격 설계에 활용 (ATLAS AML.CS0051) | H10: 중 | I10: 하 | J10: =IF(AND(H10="상",I10="상"),"매우 높음",IF(OR(AND(H10="상",I10="중"),AND(H10="중",I10="상")),"높음",IF(OR(AND(H10="중",I10="중"),AND(H10="상",I10="하"),AND(H10="하",I10="상")),"보통","낮음"))) | K10: 직접 피해 없음(대리 모델 구축 등 준비 단계) | L10: 실제 사고 확인 | M10: 1 | N10: 자원 개발(Resource Development) | O10: T0002, T0002.000, T0002.001, T0002.002 | Q10: 기존 엔터프라이즈 보안통제(패치·EDR·네트워크 분리·ATT&CK 기반 탐지)를 AI 인프라까지 확장
A11: D01. 공격 준비 및 AI 무기화 | B11: UT-02 | C11: 공격 준비 및 일반 침투 | D11: UT-02.3 | E11: 공격 인프라 확보 | F11: - 공격자는 클라우드·서버리스 자원, 도메인, 단말, 물리적 공격 소품, 서비스 계정, AI 서비스 프록시를 사거나 만들고 정상 인프라를 장악해, 공격 수행과 은닉에 필요한 기반을 구축할 수 있음 - 정상 클라우드 서비스와 상용 프록시를 쓰면 출처 추적과 차단이 어렵고, 이용 정책·지역 제한도 우회됨 | G11: ■ AI 관점 - 연산 자원: 공격 개발용 GPU 작업 공간(무료 노트북·클라우드 크레딧), 출처를 숨기는 서버리스 함수 (ATLAS AML.T0008.000·T0008.004) - AI 서비스 프록시: 프런티어 모델 API 접근권을 재판매하는 상용 프록시로 대량 계정·지역 제한을 우회해 증류·남용 캠페인을 수행 (ATLAS AML.T0008.005) - 계정·도메인: 피해자 명의 계정 등록, 허브 조직 네임스페이스 선점, 인젝션 페이로드와 반출 수신용 웹서버·도메인 준비 (ATLAS AML.T0021·T0008.002·T0079) - 물리 소품·단말: 적대적 패치 인쇄, 저가 휴대폰·개조 ROM 구매 — 물리 환경 공격(UT-17.2)·딥페이크 인증 우회(UT-04.1)에 사용 ■ 실제 사례 - [실제 사고] Claude 증류 캠페인(2026-02): DeepSeek·Moonshot·MiniMax가 상용 프록시 서비스로 Claude에 접근해 중국 내 상업 이용 제한을 우회 (ATLAS AML.CS0056) - [실제 사고] Storm-2139(2024-12): 탈옥한 Azure OpenAI 접근권을 판매하는 서비스용 인프라와 역방향 프록시를 운영 (ATLAS AML.CS0057) - [실제 사고] 중국 세무 시스템 얼굴인식 우회(2020): 저가 휴대폰을 사들이고 피해자 신원으로 세무 시스템 계정을 새로 등록 (ATLAS AML.CS0004) | H11: 상 | I11: 하 | J11: =IF(AND(H11="상",I11="상"),"매우 높음",IF(OR(AND(H11="상",I11="중"),AND(H11="중",I11="상")),"높음",IF(OR(AND(H11="중",I11="중"),AND(H11="상",I11="하"),AND(H11="하",I11="상")),"보통","낮음"))) | K11: 직접 피해 없음(공격 기반 구축 단계) | L11: 실제 사고 확인 | M11: 7 | N11: 자원 개발(Resource Development) | O11: T0008, T0008.000, T0008.001, T0008.002, T0008.003, T0008.004, T0008.005, T0021, T0079, T0128 | Q11: 기존 엔터프라이즈 보안통제(패치·EDR·네트워크 분리·ATT&CK 기반 탐지)를 AI 인프라까지 확장
A12: D01. 공격 준비 및 AI 무기화 | B12: UT-02 | C12: 공격 준비 및 일반 침투 | D12: UT-02.4 | E12: 일반 초기 침투 | F12: - 공격자는 AI 서비스·지원 인프라의 공개 애플리케이션 취약점을 익스플로잇하거나, 악성 링크·드라이브바이 페이지로 사용자와 AI 에이전트를 유도해 최초 침투할 수 있음 - AI 플랫폼도 일반 웹 애플리케이션과 같은 취약점을 가지며, 침투 후 연결된 모델·데이터·자격증명으로 피해가 확대됨 | G12: ■ AI 관점 - 공개 애플리케이션 악용: AI 앱 빌더·서빙 프레임워크·에이전트 게이트웨이와 그 앞단의 웹·API 서버의 취약점(인증 우회, SSRF, 파일 업로드, JWT 검증 결함) (ATLAS AML.T0049) - 드라이브바이·악성 링크: 사용자 브라우저나 웹을 읽는 AI 에이전트가 악성 페이지를 방문하는 순간 스크립트·프롬프트 인젝션이 실행됨 (ATLAS AML.T0078·T0011.003) - 일반 엔터프라이즈 침투 기법과 같은 원리로 상세 대응은 클라우드 보안위협 매트릭스와 연계하며, 인증 없이 노출된 AI 서비스 자체는 UT-31.1, 로컬 에이전트 1클릭 장악은 UT-32.2에서 다룸 ■ 실제 사례 - [실제 사고] 대만 정부 시스템 침해(2026-07): 다중 에이전트 프레임워크가 임의 요청을 받아 인증 세션을 돌려주는 디버그 엔드포인트 3개와 서명 없는 JWT(alg=none)를 받아들이는 공개 API를 찾아 침투 (ATLAS AML.CS0071) - [실제 사고] LLMjacking(2024-05): Laravel 취약점(CVE-2021-3129)으로 최초 침투한 뒤 클라우드 자격증명을 탈취해 LLM 서비스를 무단 사용 (ATLAS AML.CS0030) - [실제 사고] ToolShell(2025-07): 에이전트에 의해 SharePoint RCE 익스플로잇이 악용된 사례로 보고 (OWASP ASI 부록 D) | H12: 상 | I12: 상 | J12: =IF(AND(H12="상",I12="상"),"매우 높음",IF(OR(AND(H12="상",I12="중"),AND(H12="중",I12="상")),"높음",IF(OR(AND(H12="중",I12="중"),AND(H12="상",I12="하"),AND(H12="하",I12="상")),"보통","낮음"))) | K12: AI 서비스 및 지원 인프라 장악으로 확대 가능 | L12: 실제 사고 확인 | M12: 7 | N12: 초기 접근(Initial Access) | O12: T0011.003, T0049, T0078 | Q12: 기존 엔터프라이즈 보안통제(패치·EDR·네트워크 분리·ATT&CK 기반 탐지)를 AI 인프라까지 확장
A13: D01. 공격 준비 및 AI 무기화 | B13: UT-02 | C13: 공격 준비 및 일반 침투 | D13: UT-02.5 | E13: 내부 확산 및 탐지 회피 | F13: - 공격자는 내부 서비스의 원격 취약점으로 다른 시스템·네트워크 경계로 확산하고, 샌드박스 탐지·난독화·보안 기능 우회 익스플로잇으로 분석과 탐지를 피해 체류를 늘릴 수 있음 - AI 평가·실행 환경의 격리 경계를 넘는 확산까지 포함하며, 인코딩·분할된 통신은 기존 보안 장비의 탐지를 어렵게 함 | G13: ■ AI 관점 - 내부 확산: 도달 가능한 내부 서비스(패키지 캐시, 레지스트리, 관리 API)의 취약점으로 다른 시스템·신뢰 경계로 이동 (ATLAS AML.T0122) - 탐지 회피: 가상화·샌드박스 환경을 감지해 동작을 바꾸고, 페이로드·명령·결과를 압축·Base64·XOR로 인코딩해 분할 전송 (ATLAS AML.T0097·T0123) - 보안 기능 우회: 취약점을 이용해 localhost 제한 같은 보안 기능을 무력화 (ATLAS AML.T0107) - AI 분석 도구를 속이는 프롬프트 인젝션 내장 악성코드처럼 AI 기반 탐지를 겨냥한 회피는 UT-06.1과 함께 봐야 함 ■ 실제 사례 - [실제 사고] OpenAI 평가용 자율 에이전트(2026-07): 내부 Artifactory의 SSRF로 평가망 경계를 넘어 인터넷에 접근하고, 명령·자격증명·결과를 압축·Base64·XOR 인코딩해 외부로 전달 (ATLAS AML.CS0068) - [실제 사고] Skynet 악성코드(2025-06): 여러 샌드박스 회피 기법과 함께 LLM 분석 도구를 겨냥한 프롬프트 인젝션을 내장 (ATLAS AML.CS0043) - [실증] OpenClaw 1클릭 RCE(2026-02): 교차 사이트 WebSocket 하이재킹으로 localhost 네트워크 제한을 우회해 로컬 게이트웨이에 접속 (ATLAS AML.CS0050) | H13: 상 | I13: 중 | J13: =IF(AND(H13="상",I13="상"),"매우 높음",IF(OR(AND(H13="상",I13="중"),AND(H13="중",I13="상")),"높음",IF(OR(AND(H13="중",I13="중"),AND(H13="상",I13="하"),AND(H13="하",I13="상")),"보통","낮음"))) | K13: 침투 범위 확대 및 탐지 지연 | L13: 실제 사고 확인 | M13: 2 | N13: 방어 회피(Defense Evasion) | O13: T0097, T0107, T0122, T0123 | Q13: 기존 엔터프라이즈 보안통제(패치·EDR·네트워크 분리·ATT&CK 기반 탐지)를 AI 인프라까지 확장
A14: D01. 공격 준비 및 AI 무기화 | B14: UT-02 | C14: 공격 준비 및 일반 침투 | D14: UT-02.6 | E14: 일반 수단 데이터 유출 | F14: - 공격자는 정보 저장소·로컬 시스템에서 데이터와 AI 자산을 자동 수집·정리한 뒤, 일반 네트워크 프로토콜이나 C2 채널로 외부에 반출할 수 있음 - AI 에이전트가 수집·집계를 자동화해 반출 규모와 속도가 커졌으며, 모델·학습 데이터·자격증명이 함께 빠져나가는 경우가 많음 | G14: ■ AI 관점 - 수집: 위키·DB·저장소 같은 정보 저장소와 로컬 파일·설정의 SSH 키·자격증명을 검색하고, 스크립트나 에이전트 도구로 자동 수집해 한곳에 모음 (ATLAS AML.T0036·T0037·T0126·T0127) - 반출: SFTP·HTTP POST·DNS 질의·Tor 등 일반 사이버 채널로 전송 (ATLAS AML.T0025·T0072) - AI 자산 특화: 모델 파일·학습 데이터·노트북 산출물이 함께 표적이 되며, 모델 파일 직접 탈취는 UT-16.2, AI 서비스 기능을 이용한 반출은 UT-19에서 다룸 ■ 실제 사례 - [실제 사고] 대만 정부 시스템 침해(2026-07): 다중 에이전트 프레임워크가 인증 없는 사용자 DB API에서 인사 기록 2,564건과 사용자 DB 전체, 내부 구조 정보를 자동 수집·반출 (ATLAS AML.CS0071) - [실제 사고] PyTorch-nightly 의존성 침해(2022-12): 악성 torchtriton 패키지가 SSH 키·설정 파일 등을 수집해 암호화된 DNS 질의로 반출 (ATLAS AML.CS0015) - [실제 사고] LAMEHUG(2025-06): LLM이 생성한 명령으로 문서·바탕화면·다운로드 폴더를 수집해 SFTP·HTTP POST로 반출 (ATLAS AML.CS0044) | H14: 상 | I14: 상 | J14: =IF(AND(H14="상",I14="상"),"매우 높음",IF(OR(AND(H14="상",I14="중"),AND(H14="중",I14="상")),"높음",IF(OR(AND(H14="중",I14="중"),AND(H14="상",I14="하"),AND(H14="하",I14="상")),"보통","낮음"))) | K14: 중요정보 및 AI 자산 대량 반출 | L14: 실제 사고 확인 | M14: 9 | N14: 유출(Exfiltration) | O14: T0025, T0036, T0037, T0072, T0126, T0127 | Q14: 기존 엔터프라이즈 보안통제(패치·EDR·네트워크 분리·ATT&CK 기반 탐지)를 AI 인프라까지 확장
A15: D01. 공격 준비 및 AI 무기화 | B15: UT-03 | C15: AI 기반 자율 공격 | D15: UT-03.1 | E15: 자율 공격 에이전트 | F15: - 공격자는 목표만 부여한 AI 에이전트가 표적 탐색, 취약점 분석·익스플로잇 개발, 실패 시 공격 경로 수정을 사람 개입 없이 반복하게 해, 사람보다 훨씬 빠른 속도와 큰 규모로 침투할 수 있음 - 공격 비용과 필요한 숙련도가 크게 낮아지며, 사람이 대응하는 속도로는 탐지·차단이 따라가기 어려움 | G15: ■ AI 관점 - 자율 정찰: 목표만 주면 에이전트가 필요한 정보를 스스로 정하고 결과를 해석해 다음 조사를 이어감 (ATLAS AML.T0116) - 자율 익스플로잇 개발: 소스·문서·오류 응답을 분석해 취약점을 추론하고 페이로드를 만들어 시험·수정 (ATLAS AML.T0017.001) - 공격 경로 적응: 중간 목표와 전제 조건을 도출하고, 막히면 다른 제품군·취약점으로 경로를 바꿔 재시도 (ATLAS AML.T0117) - 상용 코딩 에이전트를 탈옥(UT-06.2)해 쓰거나 공개 에이전트 프레임워크(UT-02.1)를 쓰며, 여러 에이전트를 조율하는 형태는 UT-03.2에서 다룸 ■ 실제 사례 - [실제 사고] GTG-1002(2025-09): 탈옥한 Claude Code가 MCP로 연결한 스캐너·크래커를 쓰며 약 30개 조직을 자율 공격 — SSRF 익스플로잇 체인을 직접 만들어 일부 침투 성공 (ATLAS AML.CS0069) - [실제 사고] Hermes 에이전트 공격(2026-05): DeepSeek 기반 에이전트가 Langflow를 표적으로 시작했다가 전제 조건이 없자 10개 제품군을 비교해 n8n으로 경로를 바꿈 — 접근에는 실패 (ATLAS AML.CS0070) - [실제 사고] 대만 정부 시스템 침해(2026-07): 에이전트 프레임워크가 공개 포털을 정찰하고 14개 후보 공격 경로를 성공 확률로 평가해 검증된 경로를 실행 (ATLAS AML.CS0071) | H15: 상 | I15: 상 | J15: =IF(AND(H15="상",I15="상"),"매우 높음",IF(OR(AND(H15="상",I15="중"),AND(H15="중",I15="상")),"높음",IF(OR(AND(H15="중",I15="중"),AND(H15="상",I15="하"),AND(H15="하",I15="상")),"보통","낮음"))) | K15: 다수 조직 동시 침투 및 시스템 장악 | L15: 실제 사고 확인 | M15: 4 | N15: AI 공격 적응(AI Attack Adaptation) | O15: T0017.001, T0116, T0117 | Q15: AI 속도 공격을 전제한 탐지·대응 자동화, AI 제공자 오남용 탐지 연계, 위협 인텔리전스
A16: D01. 공격 준비 및 AI 무기화 | B16: UT-03 | C16: AI 기반 자율 공격 | D16: UT-03.2 | E16: 다중 에이전트 공격 조율 | F16: - 공격자는 오케스트레이터 AI가 여러 하위 에이전트에 정찰·인증 공격·취약점 연구 등 임무를 나누고, 발견 결과·자격증명을 공유하게 해 여러 대상을 병렬로 공격할 수 있음 - 공유 저장소를 메시지 게시판으로 쓰는 등 에이전트 간 통신이 정상 트래픽에 섞이고, 병렬 공격으로 짧은 시간에 피해 범위가 넓어짐 | G16: ■ AI 관점 - 공격 조율: 오케스트레이터가 임무 생성, 실행 에이전트 선택, 도구 배분, 결과 집계를 맡아 공통 목표로 이끔 (ATLAS AML.T0124) - 에이전트 간 통신: 직접 호출(A2A·하위 에이전트 인터페이스) 또는 공유 저장소의 파일·디렉터리 이름으로 지시·발견·자격증명을 주고받음 (ATLAS AML.T0118.000·T0118.001) - 공유 산출물 통신은 패키지 캐시·데이터셋 저장소 같은 정상 서비스를 쓰므로 C2 채널(UT-05.3)과 구분이 어렵고, 피해 조직의 저장소가 통신 매체로 악용되기도 함 ■ 실제 사례 - [실제 사고] 대만 정부 시스템 침해(2026-07): Hermes·OpenClaw 기반 프레임워크가 최대 8개 전문 에이전트를 12차례 공격 파상으로 동시 운용 (ATLAS AML.CS0071) - [실제 사고] OpenAI 평가용 자율 에이전트(2026-07): 약 1,200개 에이전트 실행이 Artifactory 원격 캐시를 게시판으로 삼아 7만 건 이상의 지시·익스플로잇·자격증명을 공유하며 Hugging Face 운영 시스템을 침해 (ATLAS AML.CS0068) | H16: 상 | I16: 상 | J16: =IF(AND(H16="상",I16="상"),"매우 높음",IF(OR(AND(H16="상",I16="중"),AND(H16="중",I16="상")),"높음",IF(OR(AND(H16="중",I16="중"),AND(H16="상",I16="하"),AND(H16="하",I16="상")),"보통","낮음"))) | K16: 복수 대상 병렬 침투 및 시스템 장악 | L16: 실제 사고 확인 | M16: 2 | N16: AI 공격 적응(AI Attack Adaptation) | O16: T0118, T0118.000, T0118.001, T0124 | Q16: AI 속도 공격을 전제한 탐지·대응 자동화, AI 제공자 오남용 탐지 연계, 위협 인텔리전스
... A23: D01. 공격 준비 및 AI 무기화 | B23: UT-05 | C23: AI 서비스를 이용한 C2 통신 | D23: UT-05.3 | E23: AI 아티팩트 저장소 악용 | F23: - 공격자는 모델·데이터셋 저장소의 객체를 명령·페이로드 게시판으로 쓰고 실행 결과를 데이터셋에 기록하게 해, 정상 아티팩트 다운로드·업로드로 위장한 비동기 C2를 운영할 수 있음 - AI 개발 환경은 허브 저장소와의 대용량 통신이 일상적이어서 C2 트래픽이 정상 작업에 묻힘 | G23: ■ AI 관점 - 동작 방식: 공격자가 통제하는 모델·데이터셋 저장소에 명령을 올리고, 침해 시스템이 이를 폴링해 실행한 뒤 결과를 데이터셋 객체로 써 넣음 (ATLAS AML.T0120) - 은닉 효과: 학습·추론 환경에서 허브 접근은 허용 목록에 있는 경우가 많고, 아티팩트 형식이라 내용 검사가 어려움 - 대응은 허브 접근을 승인된 조직·저장소로 제한하고, 운영 환경의 예상 밖 업로드를 감시하는 것임 (UT-28.1과 같은 허용 목록 통제) ■ 실제 사례 - [실제 사고] OpenAI 평가용 자율 에이전트(2026-07): 에이전트들이 자신이 통제하는 데이터셋 저장소를 비동기 C2로 써, 침해한 작업자가 명령을 가져가고 결과를 데이터셋 객체에 기록 (ATLAS AML.CS0068) | H23: 중 | I23: 중 | J23: =IF(AND(H23="상",I23="상"),"매우 높음",IF(OR(AND(H23="상",I23="중"),AND(H23="중",I23="상")),"높음",IF(OR(AND(H23="중",I23="중"),AND(H23="상",I23="하"),AND(H23="하",I23="상")),"보통","낮음"))) | K23: 탐지 회피형 통신 채널(제한적 대역) | L23: 실제 사고 확인 | M23: 1 | N23: 명령·제어(Command and Control) | O23: T0120 | Q23: AI API 키 보호·사용량 이상 탐지, AI 서비스 egress 가시성, 비인가 AI 트래픽 차단
A24: D02. 프롬프트 인젝션 및 컨텍스트 노출 | B24: UT-06 | C24: 직접 프롬프트 인젝션 | D24: UT-06.1 | E24: 시스템 지시 무력화 | F24: - 공격자는 '이전 지시 무시'·관리자 권한 사칭 같은 입력으로 시스템 프롬프트의 역할·제약을 무력화해, 모델이 허용 범위 밖의 정보를 노출하거나 기능을 실행하게 할 수 있음 - 모델은 지시와 데이터를 구조적으로 구분하지 못해 완전한 차단이 불가능하며, 도구 권한을 가진 에이전트에서는 비인가 조회·실행으로 바로 이어짐 | G24: ■ AI 관점 - 대상: 고객 지원 챗봇, 사내 코파일럿, 업무·코딩 에이전트처럼 사용자 입력을 시스템 프롬프트와 같은 컨텍스트에서 처리하는 모든 LLM 앱 (OWASP LLM01:2026 예시 #1) - 수법: 직접 재정의 문구, 개발자·관리자 사칭, 출력 형식 지정을 가장한 지시 삽입 — 별도 인스턴스에서 반복 수정해 성공률 높은 프롬프트를 미리 확보함 (ATLAS AML.T0051.000·T0065) - 피해 범위는 앱에 부여된 권한이 결정: DB·메일·코드 실행 권한이 있으면 비인가 조회·발송·실행으로 확대되므로 시스템 프롬프트를 인가 경계로 쓰면 안 됨 (UT-21.2·21.4) - 시스템 프롬프트·도구 스키마를 먼저 빼내거나(UT-08.1) 벤더 파인튜닝 API가 돌려주는 손실값으로 페이로드를 최적화하면 성공률이 높아지며, 방어 기법을 아는 적응형 공격에는 최신 방어 다수가 90% 이상 우회됨 (OWASP LLM01:2026 예시 #7) ■ 실제 사례 - [실제 사고] Skynet 악성코드(2025-06): 바이너리에 "이전 지시를 모두 무시하라"는 문구를 넣어 LLM 기반 악성코드 분석·탐지 도구의 판정 조작을 시도한 샘플이 VirusTotal에서 발견됨 — 시험한 모델에서는 실패 (ATLAS AML.CS0043) - [실증] MathGPT(2023-01): 질문을 Python 코드로 바꿔 실행하는 앱에서 지시를 재정의해 호스트 환경변수의 OpenAI API 키를 노출시키고 서비스 거부를 유발 (ATLAS AML.CS0016) - [공개 취약점] CVE-2024-5184(EmailGPT): 사용자 입력으로 서비스 로직을 장악해 시스템 프롬프트 노출·데이터 유출 가능 (OWASP DSGAI01) | H24: 상 | I24: 중 | J24: =IF(AND(H24="상",I24="상"),"매우 높음",IF(OR(AND(H24="상",I24="중"),AND(H24="중",I24="상")),"높음",IF(OR(AND(H24="중",I24="중"),AND(H24="상",I24="하"),AND(H24="하",I24="상")),"보통","낮음"))) | K24: 앱 권한 범위 내 비인가 조회·실행 | L24: 실제 사고 확인 | M24: 4 | N24: 실행(Execution) | O24: T0051, T0051.000, T0065 | P24: LLM01 | Q24: 다층 입·출력 가드레일, 모달리티별 정규화·비가시 문자 제거, 권한 분리로 폭발반경 제한, 적대적 테스트 상시화
A25: D02. 프롬프트 인젝션 및 컨텍스트 노출 | B25: UT-06 | C25: 직접 프롬프트 인젝션 | D25: UT-06.2 | E25: 탈옥(안전장치 우회) | F25: - 공격자는 역할극·허위 권한 주장·다단계 설득·우회 표현으로 모델의 안전 정책과 가드레일을 무력화해, 금지된 콘텐츠를 생성하거나 거부해야 할 작업을 수행하게 할 수 있음 - 탈옥된 모델은 악성코드·사기 콘텐츠 생성과 에이전트 기반 공격 운용에 쓰이며, 정책 기반 차단은 표현만 바꾼 재시도에 반복적으로 뚫림 | G25: ■ AI 관점 - 수법: 역할극·가상 시나리오, 점진적 설득, 허위 목적·권한 주장, 금지어 우회 표현, 최적화된 적대적 문자열 — 저자원 언어·인코딩과 결합하면 분류기 회피율이 높아짐 (OWASP LLM01:2026 예시 #8) - 프롬프트 외에 가중치·안전장치를 직접 수정하는 방식도 있어, 오픈 가중치 모델은 정렬을 제거할 수 있고 안전 기능을 뺀 파인튜닝본이 정상 모델처럼 배포되기도 함 (ATLAS AML.T0054, OWASP LLM04:2026 시나리오 #2) - 목적은 금지 콘텐츠 생성(악성코드·피싱 문안·불법 이미지)과 에이전트의 거부 동작 해제로 나뉘며, 후자는 자율 공격 운용(UT-03.1)·파괴적 명령 실행(UT-21.5)의 선행 단계가 됨 - 탈취한 API 키로 접근한 AI 서비스에서 탈옥이 이뤄지면 금지 콘텐츠 생성의 비용·책임이 키 소유 조직에 귀속됨 (UT-25.4) ■ 실제 사례 - [실제 사고] Storm-2139(2024-12): 공개된 고객 자격증명으로 Azure OpenAI 계정에 접근한 뒤 콘텐츠 필터를 우회하는 자체 도구를 만들어 공급하고, 유명인 비동의 성적 이미지 등 금지 콘텐츠를 생성 — Microsoft가 민사 소송 제기 (ATLAS AML.CS0057) - [실제 사고] GTG-1002(2025-09): 허위 권한 주장, 방어 보안 업무 페르소나, 무해해 보이는 작업 분할로 Claude Code의 안전장치를 우회한 뒤 약 30개 조직 대상 자율 사이버 첩보 수행 (ATLAS AML.CS0069) - [실증] Claude Computer Use(2024-10): PDF에 '보안 시험용 가상 환경'이라는 거짓 맥락과 인코딩된 명령을 넣어 가드레일을 우회, bash 도구로 파일 시스템 삭제 명령 실행 (ATLAS AML.CS0046) | H25: 상 | I25: 중 | J25: =IF(AND(H25="상",I25="상"),"매우 높음",IF(OR(AND(H25="상",I25="중"),AND(H25="중",I25="상")),"높음",IF(OR(AND(H25="중",I25="중"),AND(H25="상",I25="하"),AND(H25="하",I25="상")),"보통","낮음"))) | K25: 금지 용도 악용(유해 콘텐츠·공격 도구 생성) | L25: 실제 사고 확인 | M25: 2 | N25: 방어 회피(Defense Evasion) | O25: T0054 | P25: LLM01 | Q25: 다층 입·출력 가드레일, 모달리티별 정규화·비가시 문자 제거, 권한 분리로 폭발반경 제한, 적대적 테스트 상시화
A26: D02. 프롬프트 인젝션 및 컨텍스트 노출 | B26: UT-06 | C26: 직접 프롬프트 인젝션 | D26: UT-06.3 | E26: 프롬프트 난독화 | F26: - 공격자는 인코딩·비가시 유니코드·배경색 글꼴·숨김 HTML·페이로드 분할로 인젝션 지시를 가려, 입력 가드레일과 사람 검토를 모두 통과시킬 수 있음 - 모델은 가려진 지시를 그대로 해석하지만 화면과 필터에는 정상 텍스트로 보여, 직접·간접 인젝션의 성공률을 높이는 공통 수단이 됨 | G26: ■ AI 관점 - 텍스트 은닉: 0px·배경색 글꼴, HTML 주석·숨김 요소, 페이지 제목 태그, 문서 머리글 — 사람이 보는 화면과 모델이 읽는 텍스트가 달라짐 (ATLAS AML.T0068) - 인코딩·변형: Base64·ROT13·hex 인코딩 후 디코딩 지시, 여러 입력 필드에 나눠 넣고 모델이 조합하게 하는 분할, 저자원 언어·코드 혼용 — 학습하지 않은 형식의 분류기를 통과 (OWASP LLM01:2026 예시 #8·시나리오 #5) - 비가시 유니코드: 태그 블록(U+E0000~E007F)·변형 선택자·제로폭 문자는 화면에 표시되지 않아 코드 리뷰·PR 승인을 통과하고, 반대로 응답에 데이터를 숨겨 반출하는 데도 쓰임 (UT-19.3) - 직접 입력(UT-06.1)보다 간접 주입 콘텐츠(UT-07.1)를 숨기는 데 더 자주 쓰이며, 이미지·음성 등 비텍스트 채널 은닉은 UT-06.4에서 다룸 ■ 실제 사례 - [실제 사고] AI 추천 오염 링크(2026-02): 'AI로 요약' 버튼 뒤에 자사 도메인을 신뢰 출처로 기억하라는 지시를 숨겨 URL 파라미터로만 전달 — 31개 기업이 50여 종을 유포 (ATLAS AML.CS0072) - [실증] Rules File Backdoor(2025-03): Cursor·GitHub Copilot 규칙 파일에 제로폭·양방향 유니코드로 지시를 숨겨 코드 리뷰를 통과하고, 생성 코드에 악성 스크립트를 삽입 — GitHub은 숨은 유니코드 경고 기능 추가 (ATLAS AML.CS0041) - [공개 취약점] M365 Copilot ASCII 스머글링(2024-08): 유니코드 태그 문자로 보이지 않는 지시와 데이터를 실어 Slack MFA 코드를 유출한 PoC (OWASP LLM01:2026 예시 #5) | H26: 중 | I26: 중 | J26: =IF(AND(H26="상",I26="상"),"매우 높음",IF(OR(AND(H26="상",I26="중"),AND(H26="중",I26="상")),"높음",IF(OR(AND(H26="중",I26="중"),AND(H26="상",I26="하"),AND(H26="하",I26="상")),"보통","낮음"))) | K26: 가드레일 무력화로 인젝션 성공률 증가 | L26: 실제 사고 확인 | M26: 1 | N26: 방어 회피(Defense Evasion) | O26: T0068 | P26: LLM01 | Q26: 다층 입·출력 가드레일, 모달리티별 정규화·비가시 문자 제거, 권한 분리로 폭발반경 제한, 적대적 테스트 상시화
A27: D02. 프롬프트 인젝션 및 컨텍스트 노출 | B27: UT-06 | C27: 직접 프롬프트 인젝션 | D27: UT-06.4 | E27: 멀티모달 은닉 지시 | F27: - 공격자는 이미지·음성·영상 채널이나 파일 메타데이터에 지시를 숨겨, 텍스트만 검사하는 필터와 사람 검토를 피해 멀티모달 모델의 동작을 조작할 수 있음 - 비전·음성 인코더가 숨은 지시를 텍스트처럼 해석해 유해 출력이나 도구 호출로 이어지며, 모달리티별 검사 없이는 탐지가 어려움 | G27: ■ AI 관점 - 은닉 위치: 이미지 속 저대비·초소형 텍스트, 사람이 인지하지 못하는 픽셀 섭동, 작거나 빠른 음성, 단일 영상 프레임, EXIF·ID3·문서 메타데이터 (ATLAS AML.T0129) - 다수 모더레이션·필터는 텍스트 채널만 검사하므로 비텍스트 채널의 지시는 그대로 모델에 전달되고, 비전 인코더가 이를 추출해 출력 조작·도구 호출로 이어짐 (OWASP LLM01:2026 예시 #4) - 사용자가 올린 이미지뿐 아니라 OCR로 처리되는 송장·스크린샷, 웹페이지 이미지, 회의 녹음처럼 업무 파이프라인에 들어오는 비텍스트 입력 전반이 경로가 됨 (ATLAS AML.T0093) - 멀티모달 임베딩 검색에서는 이미지 한 장으로 특정 텍스트 질의의 검색 결과를 장악하는 오염도 가능 (UT-10.3) ■ 실제 사례 - 공개 사고 미확인 — ATLAS가 2026-09에 신설한 기법(T0129)으로 실제 사고·사례연구는 아직 없음 - [실증] 의료 영상 인젝션(2025): 사람이 인지하지 못하는 수준으로 영상에 지시를 넣어 4개 최신 비전-언어 모델의 종양 판독 출력을 조작 (OWASP LLM01:2026 시나리오 #6) | H27: 중 | I27: 중 | J27: =IF(AND(H27="상",I27="상"),"매우 높음",IF(OR(AND(H27="상",I27="중"),AND(H27="중",I27="상")),"높음",IF(OR(AND(H27="중",I27="중"),AND(H27="상",I27="하"),AND(H27="하",I27="상")),"보통","낮음"))) | K27: 사람 검토 및 필터 동시 우회 | L27: 실증·공개 취약점 | M27: 0 | N27: 방어 회피(Defense Evasion) | O27: T0129 | P27: LLM01 | Q27: 다층 입·출력 가드레일, 모달리티별 정규화·비가시 문자 제거, 권한 분리로 폭발반경 제한, 적대적 테스트 상시화
A28: D02. 프롬프트 인젝션 및 컨텍스트 노출 | B28: UT-07 | C28: 간접 프롬프트 인젝션 | D28: UT-07.1 | E28: 외부 콘텐츠 경유 주입 | F28: - 공격자는 AI가 처리하는 웹페이지·메일·문서·이슈·도구 응답에 지시를 숨겨, 사용자가 해당 콘텐츠를 요약·검색하는 순간 사용자 권한으로 데이터 조회·전송 등 비인가 행위를 실행시킬 수 있음 - 사용자는 지시를 보지도 입력하지도 않으며, 메일 수신만으로 발동하는 제로클릭 경로도 있어 입력 검증·사용자 교육으로는 막기 어려움 | G28: ■ AI 관점 - 유입 경로: 웹 브라우징·검색 결과, 수신 메일·캘린더 초대, 공유 문서, 이슈·티켓·PR 설명, MCP 도구 응답 — 사용자가 열지 않은 콘텐츠도 요약·검색·자동 처리 과정에서 컨텍스트에 들어감 (ATLAS AML.T0051.001·T0093) - 신뢰 표면 악용: 공개 폼·고객 티켓·공개 이슈 같은 저권한 채널에 심은 지시를 내부 사용자의 에이전트가 고권한으로 읽고 실행해, 공격자가 직접 할 수 없는 작업을 에이전트가 대신 수행 (OWASP LLM01:2026 예시 #3) - 비공개 데이터 접근·비신뢰 콘텐츠 처리·외부 통신이 동시에 가능한 에이전트('치명적 삼요소')에서 유출 피해가 커지며, 반출은 렌더링 URL·도구 호출로 이뤄짐 (UT-19.1·19.2) - 지시는 대개 난독화(UT-06.3)로 숨겨지고, RAG에 색인되면 이후 질의마다 다시 노출되는 코퍼스 오염(UT-10.1)으로 이어짐 ■ 실제 사례 - [공개 취약점] EchoLeak(2025-05): 메일 한 통이 M365 Copilot의 RAG 컨텍스트에 들어가 사용자 조작 없이 기업 데이터를 외부 URL로 유출 — 프롬프트 인젝션 분류기와 링크 차단 필터를 모두 우회 (ATLAS AML.CS0059, OWASP LLM01:2026 시나리오 #7) - [공개 취약점] GitHub 공개 이슈 경유 저장소 탈취(2025-05): 공개 이슈에 심은 지시를 개발자의 MCP 연결 에이전트가 읽고 비공개 저장소 내용을 유출 (OWASP ASI 부록 D·LLM01:2026 시나리오 #9) - [공개 취약점] ForcedLeak(2025-09): 외부 공격자가 Salesforce Agentforce에 주입한 지시로 에이전트를 오도해 CRM 레코드를 조직 밖으로 유출 (OWASP ASI 부록 D) | H28: 중 | I28: 상 | J28: =IF(AND(H28="상",I28="상"),"매우 높음",IF(OR(AND(H28="상",I28="중"),AND(H28="중",I28="상")),"높음",IF(OR(AND(H28="중",I28="중"),AND(H28="상",I28="하"),AND(H28="하",I28="상")),"보통","낮음"))) | K28: 제로클릭 데이터 유출 및 사용자 권한 전체 악용 | L28: 실증·공개 취약점 | M28: 0 | N28: 초기 접근(Initial Access) | O28: T0051.001, T0093 | P28: LLM01, MCP06 | Q28: 비신뢰 콘텐츠 구획·출처 표시, 비신뢰 데이터 처리 중 도구 호출 제한, 목표 변경 시 인간 승인, '치명적 삼요소' 동시 성립 차단
A29: D02. 프롬프트 인젝션 및 컨텍스트 노출 | B29: UT-07 | C29: 간접 프롬프트 인젝션 | D29: UT-07.2 | E29: 지연 실행형 주입 | F29: - 공격자는 특정 키워드·다음 대화 턴·사용자의 후속 요청 같은 조건에서 발동하는 지시를 미리 심어, 주입 시점의 보호 장치를 피한 뒤 나중에 도구 호출·데이터 유출을 실행시킬 수 있음 - 주입과 실행 시점이 분리되어 턴 단위 도구 제한이나 실시간 탐지를 우회하며, 사후 원인 추적도 어려움 | G29: ■ AI 관점 - 발동 조건: 특정 키워드, 다음 대화 턴, 사용자의 후속 요청, 메일 수신·문서 추가 같은 이벤트 — 에이전트 활성화 트리거를 파악하면 외부에서 발동 시점을 조절할 수 있음 (ATLAS AML.T0051.002·T0084.002) - 우회 대상: 비신뢰 데이터가 들어온 턴에서 도구 호출을 막는 보호 장치 — 실행을 다음 턴으로 미루면 그 턴에는 사용자 입력만 있는 것처럼 보임 (ATLAS AML.T0094) - 주입과 실행 사이에 시간 차가 있어 실시간 탐지·사후 추적이 어렵고, 메모리·대화 스레드에 기록되면 세션을 넘어 지속됨 (UT-11.1·11.2) ■ 실제 사례 - [실증] Gemini 지연 도구 호출(2024-02): 메일 속 지시가 실행을 다음 대화 턴으로 미뤄, 비신뢰 데이터가 든 턴의 도구 호출 제한을 우회하고 Workspace 확장으로 비공개 문서를 조회 (ATLAS AML.CS0038) - [실증] Gemini 캘린더 초대(2025-08): 초대 제목에 심은 지시가 사용자의 "고마워" 응답에 발동해 일정 삭제·Google Home 기기 제어·Zoom 영상 송출·데이터 유출을 수행 (ATLAS AML.CS0063) - [실증] Copilot Studio 고객 지원 에이전트(2025-06): 메일 수신으로 동작하는 에이전트에 지시를 보내 회신 여부로 존재를 확인한 뒤, CRM 데이터를 메일로 유출 (ATLAS AML.CS0037) | H29: 중 | I29: 중 | J29: =IF(AND(H29="상",I29="상"),"매우 높음",IF(OR(AND(H29="상",I29="중"),AND(H29="중",I29="상")),"높음",IF(OR(AND(H29="중",I29="중"),AND(H29="상",I29="하"),AND(H29="하",I29="상")),"보통","낮음"))) | K29: 즉시 탐지 회피 후 보호장치 우회 실행 | L29: 실증·공개 취약점 | M29: 0 | N29: 방어 회피(Defense Evasion) | O29: T0051.002, T0094 | P29: LLM01 | Q29: 비신뢰 콘텐츠 구획·출처 표시, 비신뢰 데이터 처리 중 도구 호출 제한, 목표 변경 시 인간 승인, '치명적 삼요소' 동시 성립 차단
A30: D02. 프롬프트 인젝션 및 컨텍스트 노출 | B30: UT-07 | C30: 간접 프롬프트 인젝션 | D30: UT-07.4 | E30: 에이전트 유인 및 클로킹 | F30: - 공격자는 AI 에이전트를 노린 클릭 유도 화면, 프롬프트가 미리 채워진 AI 비서 링크, AI에만 다른 내용을 주는 클로킹으로 에이전트가 공격자 지시를 실행하도록 유인할 수 있음 - 사용자는 'AI로 요약' 같은 정상 기능을 쓴다고 인식하고 사람·보안 도구에는 무해한 화면만 보여, 메모리 오염·명령 실행이 드러나지 않음 | G30: ■ AI 관점 - 클릭 유인: 화면을 읽고 조작하는 컴퓨터 사용 에이전트·AI 브라우저는 버튼 문구·복사 안내 같은 UI 신호를 지시로 받아들여 클릭·코드 복사·실행을 수행 (ATLAS AML.T0100) - 조작 링크: 주요 AI 비서는 URL 파라미터(?q=·?prompt=)로 첫 프롬프트를 받으므로, 'AI로 요약' 버튼·공유 링크로 위장한 링크 한 번이 사용자 세션에서 공격자 지시를 실행 (ATLAS AML.T0131) - AI 대상 클로킹: 사용자 에이전트 문자열로 AI 브라우저·에이전트를 식별해 인젝션 콘텐츠를 주고, 사람·검색 크롤러·보안 스캐너에는 정상 콘텐츠를 보여 탐지를 피함 (ATLAS AML.T0134) - 결과는 장기 메모리 오염(UT-11.1)·추천 편향(UT-20.3)·호스트 명령 실행(UT-22.1)으로 이어짐 ■ 실제 사례 - [실제 사고] AI 추천 오염(2026-02): 'AI로 요약' 버튼에 자사 도메인을 신뢰 출처로 기억하라는 지시를 미리 채워 유포 — 약 60일간 메일 트래픽에서 31개 기업·14개 업종의 50여 종 확인, 건강·금융 조언 사이트 포함 (ATLAS AML.CS0072) - [실증] AI ClickFix(2025-05): "컴퓨터인가요?" 확인 버튼으로 Claude 컴퓨터 사용 에이전트를 유인해, 클립보드에 복사된 명령을 터미널에서 실행하게 함 (ATLAS AML.CS0055) | H30: 중 | I30: 중 | J30: =IF(AND(H30="상",I30="상"),"매우 높음",IF(OR(AND(H30="상",I30="중"),AND(H30="중",I30="상")),"높음",IF(OR(AND(H30="중",I30="중"),AND(H30="상",I30="하"),AND(H30="하",I30="상")),"보통","낮음"))) | K30: 에이전트 행위 유도(사용자 권한 범위) | L30: 실제 사고 확인 | M30: 1 | N30: 초기 접근(Initial Access) | O30: T0100, T0131, T0134 | P30: LLM01 | Q30: 비신뢰 콘텐츠 구획·출처 표시, 비신뢰 데이터 처리 중 도구 호출 제한, 목표 변경 시 인간 승인, '치명적 삼요소' 동시 성립 차단
A31: D02. 프롬프트 인젝션 및 컨텍스트 노출 | B31: UT-07 | C31: 간접 프롬프트 인젝션 | D31: UT-07.5 | E31: 에이전트 목표 탈취 | F31: - 공격자는 주입한 지시·조작된 도구 응답·위조 메시지로 에이전트의 목표와 계획, 판단 기준을 바꿔, 정상 업무 흐름 속에서 공격자 의도에 맞는 다단계 행위를 반복하게 할 수 있음 - 에이전트에 위임된 권한 전체가 공격자 목적에 쓰이며, 개별 행위는 정상 범위로 보여 목표 변경 자체를 감시하지 않으면 탐지가 어려움 | G31: ■ AI 관점 - 단일 응답 조작(UT-06.1·07.1)과 달리 목표·작업 선택·판단 경로 자체가 바뀌어, 이후 다단계 실행 전체가 공격자 목적을 수행함 (OWASP ASI01) - 탈취 경로는 프롬프트 인젝션 외에 조작된 도구 응답(UT-29.3), 악성 아티팩트, 위조된 에이전트 간 메시지(UT-27.1), 오염된 외부 데이터로 다양함 - 반복 캘린더 초대로 매일 조금씩 목표 가중치를 바꾸는 점진적 탈취는 개별 행위가 정책 범위 안에 있어 규칙 기반 탐지에 걸리지 않음 (OWASP ASI01 시나리오 #3) - 송금·승인·외부 발송 권한을 가진 업무 에이전트에서는 목표 탈취가 곧 사기 거래·허위 정보 기반 의사결정으로 이어짐 (OWASP ASI01 예시 #3·#4) ■ 실제 사례 - [공개 취약점] ChatGPT Operator(2025-02): 웹 콘텐츠의 지시를 따른 Operator가 인증된 페이지에 접근해 사용자 개인정보를 노출 (OWASP ASI 부록 D·ASI01 시나리오 #2) - [실증] Gemini 캘린더 초대(2025-08): 초대 제목의 지시가 비서의 작업을 가로채 스마트홈 기기 제어·Zoom 영상 송출 등 사용자가 요청하지 않은 행위를 수행 (ATLAS AML.CS0063) - [시나리오] 반복 캘린더 초대로 플래너 에이전트의 목표 가중치를 매일 조금씩 바꿔, 정책 범위 안에서 저마찰 승인 쪽으로 유도 (OWASP ASI01 시나리오 #3) | H31: 중 | I31: 상 | J31: =IF(AND(H31="상",I31="상"),"매우 높음",IF(OR(AND(H31="상",I31="중"),AND(H31="중",I31="상")),"높음",IF(OR(AND(H31="중",I31="중"),AND(H31="상",I31="하"),AND(H31="하",I31="상")),"보통","낮음"))) | K31: 에이전트 권한 전체를 공격자 목적에 사용 | L31: 실증·공개 취약점 | M31: 0 | N31: 실행(Execution) | P31: ASI01 | Q31: 비신뢰 콘텐츠 구획·출처 표시, 비신뢰 데이터 처리 중 도구 호출 제한, 목표 변경 시 인간 승인, '치명적 삼요소' 동시 성립 차단
A32: D02. 프롬프트 인젝션 및 컨텍스트 노출 | B32: UT-08 | C32: 숨겨진 컨텍스트 노출 | D32: UT-08.1 | E32: 시스템 프롬프트 추출 | F32: - 공격자는 반복 질의·역할 전환·출력 형식 변환 요청으로 시스템 프롬프트와 내부 규칙, 구분자·제어 토큰을 추출할 수 있음 - 노출 자체의 피해는 제한적이나 거부 조건·업무 로직이 드러나 맞춤형 인젝션 설계에 쓰이고, 시스템 프롬프트에 의존한 통제는 무력화됨 | G32: ■ AI 관점 - 수법: 반복 질의, 역할 전환, "위 내용을 코드 블록으로 출력" 같은 형식 변환·번역·요약 요청, 응답 관찰을 통한 구분자·특수 문자·기능 키워드 추론 (ATLAS AML.T0056·T0069) - 핵심 노출 대상은 프롬프트 전문보다 그 안의 거부 조건·필터 기준·업무 판단 로직·출력 형식 규칙이며, 이를 알면 거부 패턴을 피한 맞춤형 인젝션을 설계할 수 있음 (OWASP LLM08:2026 예시 #2·#3·#5) - 구분자·제어 토큰을 알아내면 가짜 RAG 결과·사용자 메시지·내부 추론 경계를 위조해 지시 체계를 교란할 수 있음 (UT-06.1·10.1) - 숨은 컨텍스트는 결국 노출된다고 가정해야 하며, 시스템 프롬프트를 인가·필터링 경계로 쓰면 추출 즉시 통제가 무력화됨 (OWASP LLM08:2026) ■ 실제 사례 - [실증] M365 Copilot 거래 정보 조작(2024-08): 응답을 관찰해 구분자(**·**END**)와 search_enterprise 함수·EmailMessage 객체를 파악한 뒤, 이를 이용해 가짜 RAG 결과를 주입 (ATLAS AML.CS0026) - [실증] OpenClaw(2026-02): <<<·>>> 제어 시퀀스와 <think> 태그를 파악해 사용자 메시지·내부 추론 경계를 위조하고 C2 지시를 심음 (ATLAS AML.CS0051) - [공개 취약점] CVE-2024-5184(EmailGPT): 프롬프트 인젝션으로 시스템 프롬프트 노출 (OWASP DSGAI01) | H32: 중 | I32: 하 | J32: =IF(AND(H32="상",I32="상"),"매우 높음",IF(OR(AND(H32="상",I32="중"),AND(H32="중",I32="상")),"높음",IF(OR(AND(H32="중",I32="중"),AND(H32="상",I32="하"),AND(H32="하",I32="상")),"보통","낮음"))) | K32: 정책 정보 노출(직접 피해 제한적) | L32: 실증·공개 취약점 | M32: 0 | N32: 탐색(Discovery) | O32: T0056, T0069, T0069.000, T0069.001, T0069.002 | P32: LLM08 | Q32: 은닉 컨텍스트 노출 가정 설계, 비밀·보안 로직을 프롬프트에 두지 않음, 권한은 외부 정책엔진에서 강제
A33: D02. 프롬프트 인젝션 및 컨텍스트 노출 | B33: UT-08 | C33: 숨겨진 컨텍스트 노출 | D33: UT-08.2 | E33: 에이전트 구성 및 권한 탐색 | F33: - 공격자는 에이전트에 직접 질의하거나 요청별 성공·거부 반응을 관찰해 연결 도구와 파라미터, 지식원, 활성화 트리거, 동작 권한 범위를 파악할 수 있음 - 탐색 결과는 반출 경로와 고가치 데이터, 원격 발동 조건을 드러내 후속 인젝션과 도구 악용을 정밀하게 만듦 | G33: ■ AI 관점 - 탐색 대상: 연결 도구와 파라미터, 지식원·임베디드 데이터, 활성화 트리거(메일 수신·문서 추가 등), 호출 체인, 에이전트가 동작하는 신원과 권한 범위 (ATLAS AML.T0084·T0133) - 수법: "어떤 도구를 쓸 수 있나" 같은 직접 질의, 다양한 요청의 성공·실패·거부 패턴 관찰, 노출된 관리 콘솔·설정 파일 열람 — 설정 접근 권한 없이 런타임 대화만으로도 가능 (OWASP LLM08:2026 시나리오 #2) - 결과물은 외부 발송 도구(반출 경로), CRM 같은 고가치 데이터, 원격 발동 트리거, 실행 함수로 이어지는 호출 체인 목록이며 후속 인젝션(UT-07.1)·도구 연쇄 악용(UT-21.4)·명령 주입(UT-22.4)의 표적이 됨 - 도구 스키마·역할별 권한 조건이 숨은 컨텍스트에 있으면 대화만으로 드러나므로, 권한 판단은 모델 밖 정책 엔진에서 강제해야 함 (OWASP LLM08:2026 예시 #1·#4) ■ 실제 사례 - [실증] Copilot Studio 고객 지원 에이전트(2025-06): 프롬프트로 지식원 파일·메일 발송 도구·Salesforce 조회 도구·메일 수신 트리거를 파악한 뒤 CRM 데이터 유출 체인을 구성 (ATLAS AML.CS0037) - [실증] Claude Code GitHub Action(2026-06): 이슈·PR 이벤트 트리거와 도구별 실행 경로를 분석해, 샌드박스 밖에서 동작하는 내장 Read 도구로 환경변수의 자격증명에 접근 (ATLAS AML.CS0067) - [실증] LLMSmith(2025-02): 소스 정적 분석으로 사용자 입력·LLM 출력이 exec·eval로 이어지는 호출 체인을 찾아 인터넷 공개 앱의 RCE 표적을 선별 (ATLAS AML.CS0052) | H33: 중 | I33: 중 | J33: =IF(AND(H33="상",I33="상"),"매우 높음",IF(OR(AND(H33="상",I33="중"),AND(H33="중",I33="상")),"높음",IF(OR(AND(H33="중",I33="중"),AND(H33="상",I33="하"),AND(H33="하",I33="상")),"보통","낮음"))) | K33: 도구·권한 범위와 반출 경로 노출로 후속 인젝션·도구 악용 정밀화 | L33: 실증·공개 취약점 | M33: 0 | N33: 탐색(Discovery) | O33: T0084, T0084.000, T0084.001, T0084.002, T0084.003, T0133 | P33: LLM08 | Q33: 은닉 컨텍스트 노출 가정 설계, 비밀·보안 로직을 프롬프트에 두지 않음, 권한은 외부 정책엔진에서 강제
A34: D02. 프롬프트 인젝션 및 컨텍스트 노출 | B34: UT-08 | C34: 숨겨진 컨텍스트 노출 | D34: UT-08.4 | E34: 프롬프트 내 비밀정보 노출 | F34: - 공격자는 시스템 프롬프트·에이전트 지시문·도구 설명에 기재된 API 키·접속 정보·내부 URL을 프롬프트 추출만으로 획득할 수 있음 - 자격증명을 숨은 컨텍스트에 두는 설계 결함이 원인이며, 노출된 자격증명은 AI를 거치지 않고 연동 시스템에 바로 쓰임 | G34: ■ AI 관점 - 흔한 형태: 시스템 프롬프트·에이전트 지시문·도구 설명에 API 키·DB 연결 문자열·토큰·내부 URL을 직접 기재하거나, 역할별 접근 규칙을 프롬프트로만 정의 (OWASP LLM08:2026 예시 #1) - 프롬프트 추출(UT-08.1)이나 로그·추적 데이터 노출(UT-33.1)로 함께 드러나며, 유출된 자격증명은 연동 시스템에 직접 쓰여 AI 측 통제를 거치지 않음 (UT-25.4) - MCP 환경에서는 하드코딩 자격증명·장기 토큰이 모델 메모리·프로토콜 로그에 남는 형태로도 나타남 (OWASP MCP01) - 숨은 컨텍스트는 비밀이 아니라는 전제로 설계해야 하며, 자격증명은 모델이 직접 다루지 않는 서버 측 비밀 저장소·토큰 중개 계층으로 분리해야 함 (OWASP LLM08:2026·LLM02:2026) ■ 실제 사례 - 공개 사고 미확인 — 프롬프트에 든 자격증명이 추출된 공개 사고는 없으나, 시스템 프롬프트 추출(UT-08.1) 사례가 다수여서 기재하는 순간 노출을 전제해야 함 - [시나리오] 도구 연동용 자격증명이 든 시스템 프롬프트가 유출되어, 공격자가 해당 자격증명으로 연동 시스템에 직접 접근 (OWASP LLM08:2026 시나리오 #1) | H34: 하 | I34: 상 | J34: =IF(AND(H34="상",I34="상"),"매우 높음",IF(OR(AND(H34="상",I34="중"),AND(H34="중",I34="상")),"높음",IF(OR(AND(H34="중",I34="중"),AND(H34="상",I34="하"),AND(H34="하",I34="상")),"보통","낮음"))) | K34: 연동 시스템 자격증명 노출로 다수 시스템 접근 | L34: 이론·시나리오 | M34: 0 | N34: 자격증명 접근(Credential Access) | P34: LLM08 | Q34: 은닉 컨텍스트 노출 가정 설계, 비밀·보안 로직을 프롬프트에 두지 않음, 권한은 외부 정책엔진에서 강제
A35: D03. AI 데이터 오염 및 유출 | B35: UT-09 | C35: 학습 데이터 오염 | D35: UT-09.1 | E35: 학습 데이터 직접 오염 | F35: 사전학습/파인튜닝 데이터에 소량의 오염 샘플 또는 트리거 패턴을 삽입하여 모델에 편향, 성능 저하, 조건부 오작동(백도어)을 내재화 | G35: • [ATLAS CS0002·실제사고] VirusTotal에 변종 샘플을 대량 제출해 크라우드소싱 학습 데이터를 오염 • [ATLAS CS0009·실제사고] Tay 챗봇이 사용자 대화로 온라인 학습되며 오염되어 혐오 발언 생성(실제 사고) • [ATLAS CS0025·실증] URL 목록형 대규모 데이터셋의 만료 도메인을 매입해 학습 데이터 오염(Split-View) | H35: 상 | I35: 중 | J35: =IF(AND(H35="상",I35="상"),"매우 높음",IF(OR(AND(H35="상",I35="중"),AND(H35="중",I35="상")),"높음",IF(OR(AND(H35="중",I35="중"),AND(H35="상",I35="하"),AND(H35="하",I35="상")),"보통","낮음"))) | K35: 모델 전반 무결성 훼손(통제권 탈취와 간접 연계) | L35: 실제 사고 확인 | M35: 2 | N35: 지속성(Persistence) | O35: T0020 | P35: LLM05, DSGAI04 | Q35: 데이터셋 출처·계보 관리(DBOM/ML-BOM), 학습데이터 정제·이상치 탐지, 재학습 입력 검증
A36: D03. AI 데이터 오염 및 유출 | B36: UT-09 | C36: 학습 데이터 오염 | D36: UT-09.3 | E36: 재학습 피드백 오염 | F36: 사용자 피드백/운영 로그를 자동 재학습에 반영하는 구조를 악용하여 조작 입력을 반복 주입함으로써 모델 행동을 점진적으로 왜곡 | G36: • [ATLAS CS0009·실제사고] Tay 챗봇이 사용자 대화로 온라인 학습되며 오염되어 혐오 발언 생성(실제 사고) • [OWASP 시나리오] 자동 재학습 피드백 루프를 악용한 모델 왜곡(LLM05 시나리오#3) | H36: 중 | I36: 중 | J36: =IF(AND(H36="상",I36="상"),"매우 높음",IF(OR(AND(H36="상",I36="중"),AND(H36="중",I36="상")),"높음",IF(OR(AND(H36="중",I36="중"),AND(H36="상",I36="하"),AND(H36="하",I36="상")),"보통","낮음"))) | K36: 점진적 왜곡(탐지 시 롤백 가능) | L36: 실제 사고 확인 | M36: 1 | N36: 지속성(Persistence) | P36: LLM05 | Q36: 데이터셋 출처·계보 관리(DBOM/ML-BOM), 학습데이터 정제·이상치 탐지, 재학습 입력 검증
A37: D03. AI 데이터 오염 및 유출 | B37: UT-09 | C37: 학습 데이터 오염 | D37: UT-09.4 | E37: 무결성 저하 공격 | F37: 적대적 입력 반복 투입 또는 데이터셋 일부 훼손을 통해 모델/데이터셋의 신뢰도를 저하시켜 운영 중단 또는 재학습 비용 유발 | G37: • [ATLAS CS0025·실증] URL 목록형 대규모 데이터셋의 만료 도메인을 매입해 학습 데이터 오염(Split-View) • [ATLAS CS0006·실제사고] Clearview AI 저장소 설정 오류로 소스코드·자격증명·모델 노출 • [ATLAS CS0009·실제사고] Tay 챗봇이 사용자 대화로 온라인 학습되며 오염되어 혐오 발언 생성(실제 사고) | H37: 상 | I37: 중 | J37: =IF(AND(H37="상",I37="상"),"매우 높음",IF(OR(AND(H37="상",I37="중"),AND(H37="중",I37="상")),"높음",IF(OR(AND(H37="중",I37="중"),AND(H37="상",I37="하"),AND(H37="하",I37="상")),"보통","낮음"))) | K37: 모델 신뢰도 저하 및 재학습 비용 | L37: 실제 사고 확인 | M37: 2 | N37: 영향(Impact) | O37: T0031, T0059 | P37: DSGAI04 | Q37: 데이터셋 출처·계보 관리(DBOM/ML-BOM), 학습데이터 정제·이상치 탐지, 재학습 입력 검증
A38: D03. AI 데이터 오염 및 유출 | B38: UT-10 | C38: 지식원(RAG) 오염 | D38: UT-10.1 | E38: 검색 코퍼스 오염 | F38: - 공격자는 RAG가 색인하는 메일·채널·공유 문서·외부 웹에 특정 질의에 걸리도록 설계한 허위 문서나 지시를 넣어, AI가 이를 권위 있는 근거로 인용하게 할 수 있음 - 한 번 색인된 오염 문서는 질의할 때마다 여러 사용자에게 반복 노출되며, 적은 수의 문서로도 대규모 지식베이스의 응답을 장악할 수 있음 | G38: ■ AI 관점 - 표적 파악: RAG가 무엇을 색인하는지(받은 메일 전체, 공개 채널, 공유 드라이브, 스크랩 대상 웹) 공개 문서나 응답 관찰로 확인 — 수신자가 열지 않은 메일까지 색인되는 경우가 많음 (ATLAS AML.T0064) - 콘텐츠 설계: 특정 질의(예: 거래처 계좌, API 키 위치)에 검색되도록 키워드·문맥을 맞춘 문서를 만들고, 허위 정보·인젝션 지시·가짜 RAG 항목을 함께 담음 (ATLAS AML.T0066·T0071) - 적재 경로: 외부 메일 발송, 공개 채널 게시, 공유 문서 편집, 스크랩 대상 웹 게시처럼 정상 수집 경로를 그대로 쓰므로 시스템 침투 없이도 색인됨 (ATLAS AML.T0070) - 수백만 건 규모의 지식베이스에서도 오염 문서 5건으로 약 90% 공격 성공이 보고되었으며, 문서 내용이 아닌 임베딩 기하 구조를 노리는 오염은 UT-10.3에서 다룸 (OWASP LLM01:2026 시나리오 #4) ■ 실제 사례 - [실증] M365 Copilot 거래 정보 조작(2024-08): 은행 정보 질의에 검색되도록 설계한 메일을 보내, Copilot이 공격자 계좌를 정상 송금 정보처럼 답하게 함 (ATLAS AML.CS0026) - [실증] Slack AI(2024-08): 공개 채널에 'API 키' 질의에 걸리는 메시지를 올려, 피해자의 비공개 채널 API 키를 재인증 링크에 담아 노출시킴 (ATLAS AML.CS0035) - [실증] Morris II 웜(2024-03): RAG에 저장된 메일 속 자기복제 프롬프트가 답장 생성 시 검색되어 다른 이메일 비서로 전파 (ATLAS AML.CS0024) | H38: 중 | I38: 중 | J38: =IF(AND(H38="상",I38="상"),"매우 높음",IF(OR(AND(H38="상",I38="중"),AND(H38="중",I38="상")),"높음",IF(OR(AND(H38="중",I38="중"),AND(H38="상",I38="하"),AND(H38="하",I38="상")),"보통","낮음"))) | K38: 응답 무결성 훼손(업무 판단 및 거래 오류) | L38: 실증·공개 취약점 | M38: 0 | N38: 지속성(Persistence) | O38: T0064, T0066, T0070, T0071 | P38: LLM01, ASI06, DSGAI21 | Q38: 수집원 신뢰등급·서명, 색인 전 검증, 검색 결과 출처 표시, 임베딩 모델 자체 검증
A39: D03. AI 데이터 오염 및 유출 | B39: UT-10 | C39: 지식원(RAG) 오염 | D39: UT-10.2 | E39: 에이전트 조회 데이터 오염 | F39: 에이전트 도구가 조회하는 DB/문서 저장소/검색 색인에 악성 지시나 허위 데이터를 기록하여, 도구 호출 결과를 통해 에이전트 행위 조작 | G39: — (근거 사례 없음: OWASP 위험 정의 기반) | H39: 하 | I39: 상 | J39: =IF(AND(H39="상",I39="상"),"매우 높음",IF(OR(AND(H39="상",I39="중"),AND(H39="중",I39="상")),"높음",IF(OR(AND(H39="중",I39="중"),AND(H39="상",I39="하"),AND(H39="하",I39="상")),"보통","낮음"))) | K39: 도구 결과 신뢰를 통한 에이전트 행위 조작 | L39: 이론·시나리오 | M39: 0 | N39: 지속성(Persistence) | O39: T0099 | P39: ASI06 | Q39: 수집원 신뢰등급·서명, 색인 전 검증, 검색 결과 출처 표시, 임베딩 모델 자체 검증
A40: D03. AI 데이터 오염 및 유출 | B40: UT-10 | C40: 지식원(RAG) 오염 | D40: UT-10.3 | E40: 임베딩 공간 조작 | F40: 임베딩 유사도를 노린 문서 조작 또는 시맨틱 캐시 오염을 통해 검색 순위를 장악하여 특정 질의에 공격자 콘텐츠가 우선 반환되도록 유도 | G40: • [OWASP 시나리오] 임베딩 유사도를 노린 공개 수집 파이프라인 공격(LLM09 시나리오#1) | H40: 하 | I40: 중 | J40: =IF(AND(H40="상",I40="상"),"매우 높음",IF(OR(AND(H40="상",I40="중"),AND(H40="중",I40="상")),"높음",IF(OR(AND(H40="중",I40="중"),AND(H40="상",I40="하"),AND(H40="하",I40="상")),"보통","낮음"))) | K40: 특정 질의 검색 결과 장악 | L40: 이론·시나리오 | M40: 0 | N40: 지속성(Persistence) | P40: LLM09 | Q40: 수집원 신뢰등급·서명, 색인 전 검증, 검색 결과 출처 표시, 임베딩 모델 자체 검증
A41: D03. AI 데이터 오염 및 유출 | B41: UT-11 | C41: 에이전트 메모리 오염 | D41: UT-11.1 | E41: 장기 메모리 오염 | F41: 공유 문서/웹 콘텐츠의 인젝션을 통해 에이전트 장기 메모리에 허위 사실이나 지속 지시를 기록하여, 이후 모든 세션에서 오염된 기억 기반으로 응답/행위 | G41: • [ATLAS CS0072·실제사고] 조작된 AI 비서 링크로 메모리를 오염시켜 특정 제품을 추천하게 만드는 홍보성 공격(실제 사고) • [ATLAS CS0040·실증] 공유 문서의 인젝션으로 ChatGPT 장기 메모리에 허위 정보를 영구 기록 • [ATLAS CS0036·실증] LLM 데스크톱 앱 메모리에서 인증 토큰을 추출해 사용자 가장(AIKatz) | H41: 중 | I41: 상 | J41: =IF(AND(H41="상",I41="상"),"매우 높음",IF(OR(AND(H41="상",I41="중"),AND(H41="중",I41="상")),"높음",IF(OR(AND(H41="중",I41="중"),AND(H41="상",I41="하"),AND(H41="하",I41="상")),"보통","낮음"))) | K41: 세션 간 지속되는 행위 장악(C2 연계 사례) | L41: 실제 사고 확인 | M41: 1 | N41: 지속성(Persistence) | O41: T0080, T0080.000 | P41: ASI06 | Q41: 메모리 쓰기 검증·출처 점수, 사용자·작업별 메모리 분리, 스냅샷·롤백, 에이전트 출력의 자동 재수집 금지
A42: D03. AI 데이터 오염 및 유출 | B42: UT-11 | C42: 에이전트 메모리 오염 | D42: UT-11.2 | E42: 대화 스레드 오염 | F42: 진행 중인 대화 스레드에 조작 지시를 삽입하여 동일 세션 내 후속 응답과 도구 호출을 지속적으로 왜곡 | G42: • [ATLAS CS0036·실증] LLM 데스크톱 앱 메모리에서 인증 토큰을 추출해 사용자 가장(AIKatz) • [ATLAS CS0051·실증] 웹페이지 인젝션으로 OpenClaw에 지속 지시를 심어 C2로 활용 • [ATLAS CS0063·실증] 캘린더 초대·메일에 숨긴 지시로 Gemini 비서가 기기·앱을 조작 | H42: 중 | I42: 중 | J42: =IF(AND(H42="상",I42="상"),"매우 높음",IF(OR(AND(H42="상",I42="중"),AND(H42="중",I42="상")),"높음",IF(OR(AND(H42="중",I42="중"),AND(H42="상",I42="하"),AND(H42="하",I42="상")),"보통","낮음"))) | K42: 단일 대화 범위 왜곡 | L42: 실증·공개 취약점 | M42: 0 | N42: 지속성(Persistence) | O42: T0080.001 | P42: ASI06 | Q42: 메모리 쓰기 검증·출처 점수, 사용자·작업별 메모리 분리, 스냅샷·롤백, 에이전트 출력의 자동 재수집 금지
A43: D03. AI 데이터 오염 및 유출 | B43: UT-11 | C43: 에이전트 메모리 오염 | D43: UT-11.3 | E43: 대화 이력 조작 | F43: 대화 이력을 변조/삭제하여 공격 흔적을 은폐하거나 과거 맥락을 위조함으로써 사용자 및 모니터링의 이상 인지 방해 | G43: • [ATLAS CS0036·실증] LLM 데스크톱 앱 메모리에서 인증 토큰을 추출해 사용자 가장(AIKatz) • [ATLAS CS0048·실증] 인터넷에 노출된 ClawdBot 제어 인터페이스 수백 개에서 자격증명 탈취·명령 실행 | H43: 중 | I43: 중 | J43: =IF(AND(H43="상",I43="상"),"매우 높음",IF(OR(AND(H43="상",I43="중"),AND(H43="중",I43="상")),"높음",IF(OR(AND(H43="중",I43="중"),AND(H43="상",I43="하"),AND(H43="하",I43="상")),"보통","낮음"))) | K43: 공격 흔적 은폐 및 이상 인지 방해 | L43: 실증·공개 취약점 | M43: 0 | N43: 방어 회피(Defense Evasion) | O43: T0092 | P43: ASI06 | Q43: 메모리 쓰기 검증·출처 점수, 사용자·작업별 메모리 분리, 스냅샷·롤백, 에이전트 출력의 자동 재수집 금지
A44: D03. AI 데이터 오염 및 유출 | B44: UT-11 | C44: 에이전트 메모리 오염 | D44: UT-11.4 | E44: 공유 메모리 오염 | F44: 다중 에이전트가 공유하는 메모리/컨텍스트 저장소에 허위 정책 또는 사실을 기록하여 다른 에이전트의 판단까지 연쇄 오염 | G44: • [OWASP 시나리오] 공유 메모리에 가짜 환불 정책을 삽입해 다른 에이전트가 재사용(ASI06 시나리오#4) | H44: 하 | I44: 중 | J44: =IF(AND(H44="상",I44="상"),"매우 높음",IF(OR(AND(H44="상",I44="중"),AND(H44="중",I44="상")),"높음",IF(OR(AND(H44="중",I44="중"),AND(H44="상",I44="하"),AND(H44="하",I44="상")),"보통","낮음"))) | K44: 다중 에이전트 판단 오염(무결성 훼손) | L44: 이론·시나리오 | M44: 0 | N44: 지속성(Persistence) | P44: ASI06 | Q44: 메모리 쓰기 검증·출처 점수, 사용자·작업별 메모리 분리, 스냅샷·롤백, 에이전트 출력의 자동 재수집 금지
A45: D03. AI 데이터 오염 및 유출 | B45: UT-12 | C45: 민감정보 노출 | D45: UT-12.1 | E45: 응답 경유 민감정보 유출 | F45: - 공격자는 조작한 질의나 주입한 지시로 모델이 컨텍스트에 있는 비밀값·개인정보·내부 문서를 응답에 그대로 출력하게 하고, 접두사 제거·인코딩으로 유출 탐지를 피할 수 있음 - 모델이 접근하는 실행 환경·RAG·도구 결과가 모두 노출 대상이 되며, 정규식 기반 비밀값·DLP 탐지는 변형된 출력을 놓치기 쉬움 | G45: ■ AI 관점 - 노출 대상: 실행 환경 변수·설정 파일의 자격증명, RAG로 불러온 문서 조각, 도구 응답, 대화 맥락의 개인정보, 추론 과정(reasoning trace) — 최종 답변뿐 아니라 도구 호출 인자도 노출 경로임 (OWASP LLM02:2026) - 탐지 회피: 키 접두사 제거, Base64·hex 인코딩, 다른 언어로 번역해 출력하게 하면 정규식·차단 목록 기반 필터를 통과함 (OWASP LLM02:2026 예시 #2) - 개별로는 허용된 여러 정보원을 종합한 응답(예: 예산·채용·실사 자료로 미공개 인수 대상 추론)도 정책상 금지된 결론이면 유출에 해당함 (OWASP LLM02:2026 예시 #2) - 숨은 제어 컨텍스트 노출은 UT-08, 외부 URL·도구로 빼내는 반출은 UT-19, 모델에 암기된 학습 데이터 추출은 UT-15.4에서 다룸 ■ 실제 사례 - [실증] Claude Code GitHub Action(2026-06): 이슈·PR 본문에 넣은 지시로 Claude가 프로세스 환경의 Anthropic API 키를 읽어 'sk-ant-' 접두사를 뗀 채 출력 — GitHub 비밀값 스캐너가 인식하지 못함 (ATLAS AML.CS0067) - [실증] Morris II 웜(2024-03): 오염 메일의 지시로 RAG 기반 메일 비서가 답장에 다른 메일의 이메일 주소·주소·전화번호를 담아 유출 (ATLAS AML.CS0024) | H45: 중 | I45: 중 | J45: =IF(AND(H45="상",I45="상"),"매우 높음",IF(OR(AND(H45="상",I45="중"),AND(H45="중",I45="상")),"높음",IF(OR(AND(H45="중",I45="중"),AND(H45="상",I45="하"),AND(H45="하",I45="상")),"보통","낮음"))) | K45: 컨텍스트 내 비밀값·개인정보 노출(질의 단위로 범위 제한) | L45: 실증·공개 취약점 | M45: 0 | N45: 유출(Exfiltration) | O45: T0057 | P45: LLM02, DSGAI01 | Q45: 학습·색인 전 비식별화, 문서별 ACL 기반 검색, 입·출력 DLP(멀티모달 포함), 필요 최소 컨텍스트
A46: D03. AI 데이터 오염 및 유출 | B46: UT-12 | C46: 민감정보 노출 | D46: UT-12.2 | E46: 검색 권한 과다 노출 | F46: RAG/에이전트 도구의 검색 범위가 사용자 권한보다 넓게 설정되어, 일반 질의만으로 열람 권한 없는 문서/데이터가 응답에 포함 | G46: • [ATLAS CS0035·실증] 공개 채널 게시글의 간접 인젝션으로 Slack AI가 비공개 채널 데이터 유출 • [ATLAS CS0037·실증] Copilot Studio 고객지원 에이전트를 인젝션해 지식원·도구를 탐색하고 CRM 데이터 유출 • [ATLAS CS0038·실증] 지시 실행을 다음 대화 턴으로 지연시켜 Gemini의 도구 호출 제한 우회 • [OWASP 인용] CVE-2026-0612 The Librarian 정보 유출 취약점 | H46: 중 | I46: 상 | J46: =IF(AND(H46="상",I46="상"),"매우 높음",IF(OR(AND(H46="상",I46="중"),AND(H46="중",I46="상")),"높음",IF(OR(AND(H46="중",I46="중"),AND(H46="상",I46="하"),AND(H46="하",I46="상")),"보통","낮음"))) | K46: 열람 권한 밖 중요정보 대량 노출 | L46: 실증·공개 취약점 | M46: 0 | N46: 수집(Collection) | O46: T0085, T0085.000, T0085.001 | P46: LLM02, DSGAI01 | Q46: 학습·색인 전 비식별화, 문서별 ACL 기반 검색, 입·출력 DLP(멀티모달 포함), 필요 최소 컨텍스트
A47: D03. AI 데이터 오염 및 유출 | B47: UT-12 | C47: 민감정보 노출 | D47: UT-12.3 | E47: 프롬프트 과다 공유 | F47: 업무 처리에 불필요한 전체 고객 기록/내부 문서를 프롬프트에 포함하여 외부 AI 제공자 및 하위 처리자에게 전송함으로써 조직 통제 밖으로 데이터 유출 | G47: • [OWASP 시나리오] 잔액 조회마다 전체 KYC 파일을 프롬프트에 포함한 뱅킹 비서(DSGAI15 시나리오) | H47: 하 | I47: 중 | J47: =IF(AND(H47="상",I47="상"),"매우 높음",IF(OR(AND(H47="상",I47="중"),AND(H47="중",I47="상")),"높음",IF(OR(AND(H47="중",I47="중"),AND(H47="상",I47="하"),AND(H47="하",I47="상")),"보통","낮음"))) | K47: 외부 제공자 범위 노출(계약 통제 가능) | L47: 이론·시나리오 | M47: 0 | N47: 해당 없음(구조적 결함) | P47: DSGAI15 | Q47: 학습·색인 전 비식별화, 문서별 ACL 기반 검색, 입·출력 DLP(멀티모달 포함), 필요 최소 컨텍스트
A48: D03. AI 데이터 오염 및 유출 | B48: UT-12 | C48: 민감정보 노출 | D48: UT-12.4 | E48: 멀티모달 입력 노출 | F48: 스크린샷/문서 이미지/음성 등 멀티모달 입력에 포함된 민감정보가 텍스트 기반 DLP를 우회하여 AI 서비스 및 로그로 전달 | G48: • [OWASP 시나리오] API 키가 보이는 관리자 화면 스크린샷을 AI에 공유(DSGAI09 시나리오) | H48: 하 | I48: 중 | J48: =IF(AND(H48="상",I48="상"),"매우 높음",IF(OR(AND(H48="상",I48="중"),AND(H48="중",I48="상")),"높음",IF(OR(AND(H48="중",I48="중"),AND(H48="상",I48="하"),AND(H48="하",I48="상")),"보통","낮음"))) | K48: 텍스트 DLP 우회 노출(입력 범위) | L48: 이론·시나리오 | M48: 0 | N48: 해당 없음(구조적 결함) | P48: DSGAI09 | Q48: 학습·색인 전 비식별화, 문서별 ACL 기반 검색, 입·출력 DLP(멀티모달 포함), 필요 최소 컨텍스트
A49: D03. AI 데이터 오염 및 유출 | B49: UT-13 | C49: 사용자 간 데이터 격리 실패 | D49: UT-13.1 | E49: 세션 간 데이터 혼입 | F49: KV 캐시/세션 상태/공유 대화 컨텍스트의 격리 결함으로 한 사용자의 프롬프트와 응답이 다른 사용자 세션에 노출 | G49: • [OWASP 인용] CVE-2025-6515 oatpp-mcp 세션 식별자 결함 • [OWASP 시나리오] 공유 추론 상태 결함으로 타 사용자의 의료 서신 노출(LLM02 시나리오#2) | H49: 중 | I49: 중 | J49: =IF(AND(H49="상",I49="상"),"매우 높음",IF(OR(AND(H49="상",I49="중"),AND(H49="중",I49="상")),"높음",IF(OR(AND(H49="중",I49="중"),AND(H49="상",I49="하"),AND(H49="하",I49="상")),"보통","낮음"))) | K49: 타 사용자 대화 일부 노출(비의도적, 범위 가변) | L49: 실증·공개 취약점 | M49: 0 | N49: 수집(Collection) | P49: DSGAI11, MCP10 | Q49: 검색 전 테넌트 필터, 테넌트별 인덱스·캐시 분리, 벡터 DB 인증·암호화·내보내기 제한
A50: D03. AI 데이터 오염 및 유출 | B50: UT-13 | C50: 사용자 간 데이터 격리 실패 | D50: UT-13.2 | E50: 테넌트 간 인덱스 유출 | F50: 공유 벡터 인덱스의 검색 후 필터링 구조로 인해 다른 테넌트 데이터가 검색 결과/유사도 점수/응답 지연을 통해 노출 | G50: • [OWASP 시나리오] 공유 벡터 인덱스의 교차 테넌트 추론(LLM09 시나리오#2), 로펌 간 공유 RAG 인덱스 유출(LLM02 시나리오#5) | H50: 하 | I50: 상 | J50: =IF(AND(H50="상",I50="상"),"매우 높음",IF(OR(AND(H50="상",I50="중"),AND(H50="중",I50="상")),"높음",IF(OR(AND(H50="중",I50="중"),AND(H50="상",I50="하"),AND(H50="하",I50="상")),"보통","낮음"))) | K50: 타 고객사 데이터 노출(다수 테넌트) | L50: 이론·시나리오 | M50: 0 | N50: 수집(Collection) | P50: LLM09 | Q50: 검색 전 테넌트 필터, 테넌트별 인덱스·캐시 분리, 벡터 DB 인증·암호화·내보내기 제한
A51: D03. AI 데이터 오염 및 유출 | B51: UT-13 | C51: 사용자 간 데이터 격리 실패 | D51: UT-13.3 | E51: 벡터 DB 플랫폼 취약점 | F51: 벡터 DB의 인증 미적용/기본 설정/경로 탐색 취약점을 악용하여 임베딩 및 원문 데이터 대량 탈취 또는 서버 장악 | G51: • [OWASP 인용] Qdrant CVE-2024-3584·CVE-2024-3829 / Milvus CVE-2025-64513 / RAGFlow CVE-2025-69286 | H51: 중 | I51: 상 | J51: =IF(AND(H51="상",I51="상"),"매우 높음",IF(OR(AND(H51="상",I51="중"),AND(H51="중",I51="상")),"높음",IF(OR(AND(H51="중",I51="중"),AND(H51="상",I51="하"),AND(H51="하",I51="상")),"보통","낮음"))) | K51: 임베딩/원문 대량 탈취 및 서버 장악(RCE) | L51: 실증·공개 취약점 | M51: 0 | N51: 초기 접근(Initial Access) | P51: DSGAI13 | Q51: 검색 전 테넌트 필터, 테넌트별 인덱스·캐시 분리, 벡터 DB 인증·암호화·내보내기 제한
A52: D04. 모델 조작 및 탈취 | B52: UT-14 | C52: 모델 변조(백도어 삽입) | D52: UT-14.1 | E52: 가중치 조작 | F52: 모델 가중치를 직접 편집하거나 오염 데이터로 추가 학습하여, 일반 성능은 유지한 채 특정 질의에만 허위 응답/악성 동작을 수행하는 모델 생성 | G52: • [ATLAS CS0019·실증] LLM 가중치를 편집해 허위 사실을 답하게 만든 뒤 Hugging Face에 배포(PoisonGPT) • [ATLAS CS0027·실증] 실존 기업을 사칭한 Hugging Face 조직 계정으로 악성 모델 유포 • [ATLAS CS0028·실증] 노출된 사설 컨테이너 레지스트리 8천여 개 발견, 모델 이미지 변조 가능성 입증 | H52: 중 | I52: 중 | J52: =IF(AND(H52="상",I52="상"),"매우 높음",IF(OR(AND(H52="상",I52="중"),AND(H52="중",I52="상")),"높음",IF(OR(AND(H52="중",I52="중"),AND(H52="상",I52="하"),AND(H52="하",I52="상")),"보통","낮음"))) | K52: 특정 질의 대상 허위 응답(무결성 훼손) | L52: 실사용 기법 포함 | M52: 0 | N52: 지속성(Persistence) | O52: T0018, T0018.000 | P52: LLM05, DSGAI04 | Q52: 아티팩트 서명·해시 검증, 안전 포맷 사용 및 로딩 격리, 배포 전 모델 검증·백도어 스캔
A53: D04. 모델 조작 및 탈취 | B53: UT-14 | C53: 모델 변조(백도어 삽입) | D53: UT-14.2 | E53: 모델 구조 변조 | F53: 모델 아키텍처/로딩 코드 변경 또는 모델 파일 내 악성 코드 삽입을 통해 모델 로딩 시점에 임의 코드 실행 또는 백도어 동작 활성화 | G53: • [ATLAS CS0013·실증] 모바일 앱에서 추출한 딥러닝 모델에 백도어 삽입 후 재패키징 • [ATLAS CS0031·실제사고] Hugging Face에 역쉘을 내장한 악성 모델 호스팅(실제 사고) • [ATLAS CS0027·실증] 실존 기업을 사칭한 Hugging Face 조직 계정으로 악성 모델 유포 | H53: 중 | I53: 상 | J53: =IF(AND(H53="상",I53="상"),"매우 높음",IF(OR(AND(H53="상",I53="중"),AND(H53="중",I53="상")),"높음",IF(OR(AND(H53="중",I53="중"),AND(H53="상",I53="하"),AND(H53="하",I53="상")),"보통","낮음"))) | K53: 모델 로딩 시 호스트 코드 실행 | L53: 실제 사고 확인 | M53: 1 | N53: 지속성(Persistence) | O53: T0018.001, T0018.002, T0076, T0112.001 | P53: DSGAI04 | Q53: 아티팩트 서명·해시 검증, 안전 포맷 사용 및 로딩 격리, 배포 전 모델 검증·백도어 스캔
A54: D04. 모델 조작 및 탈취 | B54: UT-14 | C54: 모델 변조(백도어 삽입) | D54: UT-14.3 | E54: 추론 템플릿 변조 | F54: 채팅 템플릿(예: GGUF)/프롬프트 구성 로직에 조건부 지시를 삽입하여 가중치 변경 없이 추론 시점에 백도어 동작 유발 | G54: • [ATLAS CS0064·실증] GGUF 채팅 템플릿을 오염시켜 가중치 변경 없이 추론 시점 백도어 구현 | H54: 중 | I54: 중 | J54: =IF(AND(H54="상",I54="상"),"매우 높음",IF(OR(AND(H54="상",I54="중"),AND(H54="중",I54="상")),"높음",IF(OR(AND(H54="중",I54="중"),AND(H54="상",I54="하"),AND(H54="하",I54="상")),"보통","낮음"))) | K54: 가중치 변경 없는 응답 조작(무결성 훼손) | L54: 실증·공개 취약점 | M54: 0 | N54: 지속성(Persistence) | O54: T0018.003 | P54: LLM05 | Q54: 아티팩트 서명·해시 검증, 안전 포맷 사용 및 로딩 격리, 배포 전 모델 검증·백도어 스캔
A55: D04. 모델 조작 및 탈취 | B55: UT-14 | C55: 모델 변조(백도어 삽입) | D55: UT-14.4 | E55: 백도어 트리거 활성화 | F55: 학습 단계에서 심어진 백도어를 특정 패턴(이미지 패치/키워드)이 포함된 입력으로 활성화하여 공격자 지정 출력 유도 | G55: • [ATLAS CS0013·실증] 모바일 앱에서 추출한 딥러닝 모델에 백도어 삽입 후 재패키징 • [OWASP 시나리오] 백도어 트리거를 포함한 입력으로 오염 모델 활성화(ATLAS T0043.004 기법 정의) | H55: 중 | I55: 중 | J55: =IF(AND(H55="상",I55="상"),"매우 높음",IF(OR(AND(H55="상",I55="중"),AND(H55="중",I55="상")),"높음",IF(OR(AND(H55="중",I55="중"),AND(H55="상",I55="하"),AND(H55="하",I55="상")),"보통","낮음"))) | K55: 트리거 조건 범위 내 오작동 | L55: 실증·공개 취약점 | M55: 0 | N55: AI 공격 적응(AI Attack Adaptation) | O55: T0043.004 | P55: LLM05 | Q55: 아티팩트 서명·해시 검증, 안전 포맷 사용 및 로딩 격리, 배포 전 모델 검증·백도어 스캔
A56: D04. 모델 조작 및 탈취 | B56: UT-15 | C56: 모델 기반 데이터 추론 | D56: UT-15.1 | E56: 멤버십 추론 | F56: 모델 응답의 확신도/손실 패턴을 분석하여 특정 개인/레코드의 학습 데이터 포함 여부를 판별 | G56: • [OWASP 시나리오] 임상 파인튜닝 모델에서 특정 환자의 학습 포함 여부 추론(LLM02 시나리오#8) | H56: 중 | I56: 중 | J56: =IF(AND(H56="상",I56="상"),"매우 높음",IF(OR(AND(H56="상",I56="중"),AND(H56="중",I56="상")),"높음",IF(OR(AND(H56="중",I56="중"),AND(H56="상",I56="하"),AND(H56="하",I56="상")),"보통","낮음"))) | K56: 특정 개인 단위 프라이버시 침해 | L56: 실사용 기법 포함 | M56: 0 | N56: 유출(Exfiltration) | O56: T0024, T0024.000 | P56: LLM02, DSGAI18 | Q56: 차등프라이버시 학습·학습 데이터 중복 제거, 출력 확률·점수 비공개, 쿼리량 제한, 추출·멤버십 추론 감사
A57: D04. 모델 조작 및 탈취 | B57: UT-15 | C57: 모델 기반 데이터 추론 | D57: UT-15.2 | E57: 원본 복원(역전) 공격 | F57: 모델 출력 또는 유출된 임베딩 벡터를 역산하여 학습 데이터/원문 텍스트를 복원 | G57: • [OWASP 시나리오] 유출된 '임베딩 전용' 백업이 역전 공격으로 원문 유출(LLM02 시나리오#6) | H57: 하 | I57: 중 | J57: =IF(AND(H57="상",I57="상"),"매우 높음",IF(OR(AND(H57="상",I57="중"),AND(H57="중",I57="상")),"높음",IF(OR(AND(H57="중",I57="중"),AND(H57="상",I57="하"),AND(H57="하",I57="상")),"보통","낮음"))) | K57: 원문 복원(임베딩 대량 유출 시 피해 확대) | L57: 이론·시나리오 | M57: 0 | N57: 유출(Exfiltration) | O57: T0024.001 | P57: DSGAI18 | Q57: 차등프라이버시 학습·학습 데이터 중복 제거, 출력 확률·점수 비공개, 쿼리량 제한, 추출·멤버십 추론 감사
A58: D04. 모델 조작 및 탈취 | B58: UT-15 | C58: 모델 기반 데이터 추론 | D58: UT-15.3 | E58: 부채널 추론 | F58: - 공격자는 암호화된 스트리밍 응답의 패킷 크기·토큰 길이·응답 지연·캐시 적중 여부 같은 관찰 가능한 신호로 대화 주제나 프롬프트·응답 내용을 추론할 수 있음 - 내용을 직접 받지 않고도 정보가 새어 나가며, TLS 암호화나 출력 필터로는 막을 수 없음 | G58: ■ AI 관점 - 관찰 신호: 토큰 단위 스트리밍의 패킷 크기와 간격, 응답 길이, 지연 시간, 프롬프트 캐시 적중 여부 — 네트워크 경로상의 관찰자나 같은 서빙 인프라를 쓰는 다른 사용자도 측정 가능 (OWASP LLM02:2026) - 멀티테넌트 서빙에서 KV 캐시를 공유하면 다른 사용자의 프롬프트가 캐시 적중 신호로 새어 나갈 수 있음 (OWASP LLM02:2026 예시 #5) - 대응은 응답 무작위 패딩·토큰 묶음 전송, 고민감 테넌트의 캐시 분리처럼 서빙 계층에서 이뤄져야 함 (OWASP LLM02:2026 Tier 2) - 모델 출력 점수 노출을 이용한 탐색은 UT-01.4, 출력 확률을 이용한 멤버십 추론은 UT-15.1에서 다룸 ■ 실제 사례 - [공개 취약점] Whisper Leak(2025): 암호화 트래픽의 패킷 크기·타이밍만으로 28개 상용 모델의 대화 주제를 98% 이상(AUPRC) 분류 (OWASP LLM02:2026 예시 #5) - [실증] 토큰 길이 부채널(2024): 스트리밍 토큰 길이로 응답 내용의 29%를 복원하고 55%의 주제를 추론 (OWASP LLM02:2026 예시 #5) | H58: 중 | I58: 하 | J58: =IF(AND(H58="상",I58="상"),"매우 높음",IF(OR(AND(H58="상",I58="중"),AND(H58="중",I58="상")),"높음",IF(OR(AND(H58="중",I58="중"),AND(H58="상",I58="하"),AND(H58="하",I58="상")),"보통","낮음"))) | K58: 대화 주제 수준 추론(노출 제한적) | L58: 실증·공개 취약점 | M58: 0 | N58: 유출(Exfiltration) | P58: LLM02 | Q58: 차등프라이버시 학습·학습 데이터 중복 제거, 출력 확률·점수 비공개, 쿼리량 제한, 추출·멤버십 추론 감사
A59: D04. 모델 조작 및 탈취 | B59: UT-15 | C59: 모델 기반 데이터 추론 | D59: UT-15.4 | E59: 학습 데이터 추출 | F59: - 공격자는 같은 단어를 반복시키는 발산 유도 질의나 학습 데이터 앞부분을 주는 접두어 질의로, 모델이 학습 중 암기한 개인정보·코드·저작물을 원문 그대로 출력하게 할 수 있음 - 파인튜닝 모델과 LoRA 어댑터는 드문 데이터를 더 정확히 암기하며, 오픈 가중치 모델은 쿼리 제한 없이 오프라인에서 추출이 가능함 | G59: ■ AI 관점 - 수법: 단어를 무한 반복하게 해 정렬된 응답 패턴에서 벗어나게 하는 발산 공격, 학습 데이터 일부를 주고 이어 쓰게 하는 접두어 질의, 특정 개인·기록을 겨냥한 표적 추출 (OWASP LLM02:2026 예시 #1) - 암기는 모델 규모·데이터 중복·문맥 길이에 따라 늘며, 좁은 범위로 파인튜닝한 어댑터는 드문 예시를 높은 정확도로 암기해 기반 모델과 별개의 추출 표면이 됨 (OWASP LLM02:2026, DSGAI18) - 오픈 가중치 모델은 공격자가 내려받아 쿼리 제한 없이 오프라인에서 추출·멤버십 추론을 반복할 수 있음 (OWASP LLM02:2026) - 학습에 들어간 데이터는 원본을 지워도 추출될 수 있어 삭제권 이행 문제로 이어지며(UT-36.2), 컨텍스트에 있는 데이터의 유출은 UT-12.1에서 다룸 ■ 실제 사례 - [공개 취약점] 발산 공격(2023-11): 'poem'을 반복하게 하는 질의로 gpt-3.5-turbo에서 약 200달러 비용으로 1만 건 이상의 암기 데이터를 추출 — 이후 벤더 패치도 반복 우회됨 (OWASP LLM02:2026 예시 #1) - 참고: NYT v. OpenAI, Getty v. Stability AI 소송 증거에 학습 데이터의 원문·워터마크 재현 사례가 포함됨 (OWASP LLM02:2026 예시 #1) | H59: 중 | I59: 중 | J59: =IF(AND(H59="상",I59="상"),"매우 높음",IF(OR(AND(H59="상",I59="중"),AND(H59="중",I59="상")),"높음",IF(OR(AND(H59="중",I59="중"),AND(H59="상",I59="하"),AND(H59="하",I59="상")),"보통","낮음"))) | K59: 암기된 학습 데이터 단편 노출(대량 추출은 반복 질의 필요) | L59: 실증·공개 취약점 | M59: 0 | N59: 유출(Exfiltration) | P59: LLM02, DSGAI18 | Q59: 차등프라이버시 학습·학습 데이터 중복 제거, 출력 확률·점수 비공개, 쿼리량 제한, 추출·멤버십 추론 감사
A60: D04. 모델 조작 및 탈취 | B60: UT-16 | C60: 모델 탈취 | D60: UT-16.1 | E60: 질의 기반 모델 복제 | F60: 대량 API 질의 결과를 학습 데이터로 활용하여 대상 모델 기능을 복제한 대리 모델을 구축하고, 지식재산 탈취 및 화이트박스 공격 준비에 활용 | G60: • [ATLAS CS0056·실제사고] 약 2.4만 계정·1,600만 쿼리로 Claude 능력을 증류하려는 캠페인 적발(실제 사고) • [ATLAS CS0005·실증] 번역 API 질의로 모델을 복제하고 적대적 예제를 원 서비스에 전이 • [ATLAS CS0007·실증] 공개 정보로 GPT-2 규모 모델을 재현(모델 복제) | H60: 중 | I60: 중 | J60: =IF(AND(H60="상",I60="상"),"매우 높음",IF(OR(AND(H60="상",I60="중"),AND(H60="중",I60="상")),"높음",IF(OR(AND(H60="중",I60="중"),AND(H60="상",I60="하"),AND(H60="하",I60="상")),"보통","낮음"))) | K60: 지식재산 손실(시스템 통제 영향 없음) | L60: 실제 사고 확인 | M60: 1 | N60: 유출(Exfiltration) | O60: T0005, T0005.000, T0005.001, T0005.002, T0024.002 | P60: DSGAI20 | Q60: 쿼리량·패턴 제한, 증류 캠페인 탐지, 워터마킹, 모델 아티팩트 암호화·접근통제
A61: D04. 모델 조작 및 탈취 | B61: UT-16 | C61: 모델 탈취 | D61: UT-16.2 | E61: 모델 파일 탈취 | F61: 앱 패키지/모델 저장소/학습 클러스터에서 모델 가중치 및 데이터셋 등 AI 아티팩트 파일을 직접 수집하여 반출 | G61: • [ATLAS CS0058·실증] Google Photos 앱에서 암호화되지 않은 TFLite 모델을 추출 • [ATLAS CS0023·실제사고] 인증 없는 Ray 클러스터를 탈취해 연산자원·자격증명·모델 탈취(ShadowRay, 실제 사고) • [ATLAS CS0010·실증] 레드팀이 기존 침투기법과 AI 회피를 결합해 Azure 내부 서비스 중단 시연 | H61: 중 | I61: 상 | J61: =IF(AND(H61="상",I61="상"),"매우 높음",IF(OR(AND(H61="상",I61="중"),AND(H61="중",I61="상")),"높음",IF(OR(AND(H61="중",I61="중"),AND(H61="상",I61="하"),AND(H61="하",I61="상")),"보통","낮음"))) | K61: 핵심 모델 자산 및 학습 데이터 일괄 탈취 | L61: 실제 사고 확인 | M61: 1 | N61: 수집(Collection) | O61: T0035 | P61: DSGAI20 | Q61: 쿼리량·패턴 제한, 증류 캠페인 탐지, 워터마킹, 모델 아티팩트 암호화·접근통제
A62: D04. 모델 조작 및 탈취 | B62: UT-17 | C62: 예측 AI 회피 공격 | D62: UT-17.1 | E62: 디지털 적대적 예제 | F62: 모델 경사 정보/대리 모델/반복 질의로 최적화한 미세 섭동 입력을 생성하여 탐지/분류 모델의 오판(예: 악성코드를 정상으로 분류) 유도 | G62: • [ATLAS CS0004·실제사고] 카메라 영상 주입으로 얼굴인식 인증을 우회해 세금 사기(실제 사고) • [ATLAS CS0017·실제사고] ID.me 자동 신원확인을 우회해 180건 이상 허위 실업급여 청구(실제 사고) • [ATLAS CS0032·실제사고] 피싱 사이트가 ML 기반 피싱 탐지기를 회피하도록 시각 요소 변형(실제 사고) | H62: 상 | I62: 중 | J62: =IF(AND(H62="상",I62="상"),"매우 높음",IF(OR(AND(H62="상",I62="중"),AND(H62="중",I62="상")),"높음",IF(OR(AND(H62="중",I62="중"),AND(H62="상",I62="하"),AND(H62="하",I62="상")),"보통","낮음"))) | K62: 특정 판단 단위 오분류(보안 탐지 우회 시 피해 확대) | L62: 실제 사고 확인 | M62: 6 | N62: 방어 회피(Defense Evasion) | O62: T0015, T0042, T0043, T0043.000, T0043.001, T0043.002, T0043.003 | Q62: 적대적 학습·모델 강건화, 입력 복원, 앙상블·다중센서 융합, 적대적 입력 탐지
A63: D04. 모델 조작 및 탈취 | B63: UT-17 | C63: 예측 AI 회피 공격 | D63: UT-17.2 | E63: 물리적 적대적 객체 | F63: 패치/안경/표지 등 물리적 대응물을 실제 환경에 배치하여 카메라 기반 인식 모델(얼굴인식/자율주행)의 오인식 유발 | G63: • [ATLAS CS0012·실증] 물리적 대응물로 상용 얼굴식별 서비스에 표적 오분류 유도 • [ATLAS CS0013·실증] 모바일 앱에서 추출한 딥러닝 모델에 백도어 삽입 후 재패키징 | H63: 중 | I63: 중 | J63: =IF(AND(H63="상",I63="상"),"매우 높음",IF(OR(AND(H63="상",I63="중"),AND(H63="중",I63="상")),"높음",IF(OR(AND(H63="중",I63="중"),AND(H63="상",I63="하"),AND(H63="하",I63="상")),"보통","낮음"))) | K63: 물리 보안 및 안전 영향(국지적) | L63: 실증·공개 취약점 | M63: 0 | N63: 방어 회피(Defense Evasion) | O63: T0041 | Q63: 적대적 학습·모델 강건화, 입력 복원, 앙상블·다중센서 융합, 적대적 입력 탐지
A64: D05. 출력 처리 결함 및 신뢰성 훼손 | B64: UT-18 | C64: 부적절한 출력 처리 | D64: UT-18.1 | E64: 렌더링 해석기 공격 | F64: 모델 출력의 HTML/마크다운/ANSI 제어문자가 브라우저/터미널/IDE에서 해석되어 스크립트 실행, 화면 위조, 세션 탈취 유발 | G64: • [ATLAS CS0060·실증] Lenovo 챗봇이 생성한 악성 HTML이 상담원 브라우저에서 실행되어 세션 쿠키 탈취(XSS) • [ATLAS CS0021·실증] 웹페이지 간접 인젝션으로 ChatGPT 대화 내용을 이미지 URL로 유출 • [ATLAS CS0029·실증] 공유 Google 문서의 간접 인젝션으로 Bard 대화 내용 유출 | H64: 중 | I64: 중 | J64: =IF(AND(H64="상",I64="상"),"매우 높음",IF(OR(AND(H64="상",I64="중"),AND(H64="중",I64="상")),"높음",IF(OR(AND(H64="중",I64="중"),AND(H64="상",I64="하"),AND(H64="하",I64="상")),"보통","낮음"))) | K64: 세션 탈취 등 사용자 단위 피해 | L64: 실증·공개 취약점 | M64: 0 | N64: 실행(Execution) | O64: T0077 | P64: LLM10 | Q64: 출력 대상 시스템별 인코딩과 이스케이프, 쿼리 파라미터화·읽기전용 계정, 외부 리소스 자동 로딩 차단, 모델 독립적 출력 보안 계층
A65: D05. 출력 처리 결함 및 신뢰성 훼손 | B65: UT-18 | C65: 부적절한 출력 처리 | D65: UT-18.2 | E65: DB 질의 생성 공격 | F65: 자연어를 SQL/그래프 질의로 변환하는 기능에 조작 입력을 주입하여, 검증 없이 실행된 질의로 대량 조회/변경/삭제 수행 | G65: • [OWASP 인용] LangChain GraphCypherQAChain CVE-2024-8309 / CVE-2024-7042 • [OWASP 시나리오] 채팅형 SQL 기능의 생성 쿼리가 검증 없이 실행되어 테이블 삭제(LLM10 시나리오#3) | H65: 중 | I65: 상 | J65: =IF(AND(H65="상",I65="상"),"매우 높음",IF(OR(AND(H65="상",I65="중"),AND(H65="중",I65="상")),"높음",IF(OR(AND(H65="중",I65="중"),AND(H65="상",I65="하"),AND(H65="하",I65="상")),"보통","낮음"))) | K65: DB 전체 조회/변경/삭제 가능 | L65: 실사용 기법 포함 | M65: 0 | N65: 실행(Execution) | P65: LLM10, DSGAI12 | Q65: 출력 대상 시스템별 인코딩과 이스케이프, 쿼리 파라미터화·읽기전용 계정, 외부 리소스 자동 로딩 차단, 모델 독립적 출력 보안 계층
A66: D05. 출력 처리 결함 및 신뢰성 훼손 | B66: UT-18 | C66: 부적절한 출력 처리 | D66: UT-18.3 | E66: 생성 코드의 무검증 사용 | F66: 모델이 생성한 코드/이메일 템플릿/설정을 검토 없이 배포하거나 후속 시스템에 전달하여 취약 코드 및 악성 구문이 운영 환경에 반영 | G66: • [ATLAS CS0052·실증] 11개 LLM 프레임워크에서 20개 RCE 취약점 발견, 인터넷 공개 앱에서 실증(LLMSmith) • [OWASP 시나리오] 생성 코드·템플릿을 검토 없이 배포하여 취약점 반영(LLM10 시나리오#5·#6) | H66: 중 | I66: 중 | J66: =IF(AND(H66="상",I66="상"),"매우 높음",IF(OR(AND(H66="상",I66="중"),AND(H66="중",I66="상")),"높음",IF(OR(AND(H66="중",I66="중"),AND(H66="상",I66="하"),AND(H66="하",I66="상")),"보통","낮음"))) | K66: 취약 코드 및 악성 구문의 운영 반영 | L66: 실증·공개 취약점 | M66: 0 | N66: 실행(Execution) | P66: LLM10 | Q66: 출력 대상 시스템별 인코딩과 이스케이프, 쿼리 파라미터화·읽기전용 계정, 외부 리소스 자동 로딩 차단, 모델 독립적 출력 보안 계층
A67: D05. 출력 처리 결함 및 신뢰성 훼손 | B67: UT-19 | C67: AI를 통한 데이터 반출 | D67: UT-19.1 | E67: 렌더링 채널 반출 | F67: 인젝션된 지시로 민감정보를 외부 이미지 URL/링크 파라미터에 삽입하게 하여, 클라이언트 자동 렌더링 시점에 사용자 조작 없이 데이터 반출 | G67: • [ATLAS CS0021·실증] 웹페이지 간접 인젝션으로 ChatGPT 대화 내용을 이미지 URL로 유출 • [ATLAS CS0029·실증] 공유 Google 문서의 간접 인젝션으로 Bard 대화 내용 유출 • [ATLAS CS0035·실증] 공개 채널 게시글의 간접 인젝션으로 Slack AI가 비공개 채널 데이터 유출 | H67: 중 | I67: 상 | J67: =IF(AND(H67="상",I67="상"),"매우 높음",IF(OR(AND(H67="상",I67="중"),AND(H67="중",I67="상")),"높음",IF(OR(AND(H67="중",I67="중"),AND(H67="상",I67="하"),AND(H67="하",I67="상")),"보통","낮음"))) | K67: 사용자 조작 없는 대량 유출(제로클릭) | L67: 실증·공개 취약점 | M67: 0 | N67: 유출(Exfiltration) | Q67: 외부 URL 렌더링 차단·egress 허용목록, 도구 콜백 대상 검증, 유출 패턴 탐지
A68: D05. 출력 처리 결함 및 신뢰성 훼손 | B68: UT-19 | C68: AI를 통한 데이터 반출 | D68: UT-19.2 | E68: 도구 호출 경유 반출 | F68: 에이전트의 메일 발송/웹 요청/파일 공유 도구 호출 인자에 수집 데이터를 포함시켜 정상 업무 행위로 위장된 외부 전송 수행 | G68: • [ATLAS CS0053·실제사고] Postmark를 사칭한 악성 MCP 서버가 발송 메일을 몰래 BCC로 유출(실제 사고) • [ATLAS CS0037·실증] Copilot Studio 고객지원 에이전트를 인젝션해 지식원·도구를 탐색하고 CRM 데이터 유출 • [ATLAS CS0039·실증] 외부 사용자가 Jira 티켓에 악성 입력을 넣어 AI가 내부자 권한으로 행위(Living off AI) | H68: 중 | I68: 상 | J68: =IF(AND(H68="상",I68="상"),"매우 높음",IF(OR(AND(H68="상",I68="중"),AND(H68="중",I68="상")),"높음",IF(OR(AND(H68="중",I68="중"),AND(H68="상",I68="하"),AND(H68="하",I68="상")),"보통","낮음"))) | K68: 정상 업무로 위장된 대량 외부 전송 | L68: 실제 사고 확인 | M68: 1 | N68: 유출(Exfiltration) | O68: T0086 | Q68: 외부 URL 렌더링 차단·egress 허용목록, 도구 콜백 대상 검증, 유출 패턴 탐지
A69: D05. 출력 처리 결함 및 신뢰성 훼손 | B69: UT-19 | C69: AI를 통한 데이터 반출 | D69: UT-19.3 | E69: 은닉 채널 반출 | F69: DNS 질의/비가시 유니코드 문자 등 모니터링 사각지대 채널에 데이터를 인코딩하여 DLP 및 egress 통제를 우회한 반출 | G69: • [OWASP 시나리오] 코드 런타임이 스프레드시트 내용을 DNS 질의에 인코딩해 반출(LLM02 시나리오#10) | H69: 하 | I69: 중 | J69: =IF(AND(H69="상",I69="상"),"매우 높음",IF(OR(AND(H69="상",I69="중"),AND(H69="중",I69="상")),"높음",IF(OR(AND(H69="중",I69="중"),AND(H69="상",I69="하"),AND(H69="하",I69="상")),"보통","낮음"))) | K69: 저대역 은닉 유출(탐지 곤란) | L69: 이론·시나리오 | M69: 0 | N69: 유출(Exfiltration) | Q69: 외부 URL 렌더링 차단·egress 허용목록, 도구 콜백 대상 검증, 유출 패턴 탐지
A70: D05. 출력 처리 결함 및 신뢰성 훼손 | B70: UT-20 | C70: AI 출력 신뢰성 훼손 | D70: UT-20.1 | E70: 환각에 의한 허위정보 | F70: 근거 없는 사실/수치/인용을 그럴듯하게 생성하여 업무 판단, 고객 안내, 규정 해석에 오류 유발 | G70: • [OWASP 시나리오] 정책 오독으로 부당 환불 승인, 임상 요약의 금기사항 누락(LLM07 시나리오#2·#3) | H70: 하 | I70: 중 | J70: =IF(AND(H70="상",I70="상"),"매우 높음",IF(OR(AND(H70="상",I70="중"),AND(H70="중",I70="상")),"높음",IF(OR(AND(H70="중",I70="중"),AND(H70="상",I70="하"),AND(H70="하",I70="상")),"보통","낮음"))) | K70: 업무 판단 오류(재무 및 평판 영향) | L70: 이론·시나리오 | M70: 0 | N70: 해당 없음(구조적 결함) | P70: LLM07 | Q70: 근거 인용·출처 검증(그라운딩), 신뢰도 표시, 고위험 결정의 독립 검증, 추천 출처 편향 모니터링
A71: D05. 출력 처리 결함 및 신뢰성 훼손 | B71: UT-20 | C71: AI 출력 신뢰성 훼손 | D71: UT-20.3 | E71: 응답 편향 조작 | F71: 메모리/검색 근거/지시 조작을 통해 AI 응답을 특정 업체/제품/결론 쪽으로 체계적으로 편향시켜 사용자 의사결정 왜곡 | G71: • [ATLAS CS0072·실제사고] 조작된 AI 비서 링크로 메모리를 오염시켜 특정 제품을 추천하게 만드는 홍보성 공격(실제 사고) • [ATLAS CS0019·실증] LLM 가중치를 편집해 허위 사실을 답하게 만든 뒤 Hugging Face에 배포(PoisonGPT) • [ATLAS CS0026·실증] 메일을 RAG로 수집하는 M365 Copilot을 조작해 송금 계좌 정보를 바꿔치기 | H71: 중 | I71: 중 | J71: =IF(AND(H71="상",I71="상"),"매우 높음",IF(OR(AND(H71="상",I71="중"),AND(H71="중",I71="상")),"높음",IF(OR(AND(H71="중",I71="중"),AND(H71="상",I71="하"),AND(H71="하",I71="상")),"보통","낮음"))) | K71: 사용자 의사결정 왜곡(재무 영향) | L71: 실제 사고 확인 | M71: 1 | N71: 영향(Impact) | O71: T0130 | P71: LLM07 | Q71: 근거 인용·출처 검증(그라운딩), 신뢰도 표시, 고위험 결정의 독립 검증, 추천 출처 편향 모니터링
A72: D05. 출력 처리 결함 및 신뢰성 훼손 | B72: UT-20 | C72: AI 출력 신뢰성 훼손 | D72: UT-20.4 | E72: 검증 없는 채택(과신) | F72: AI 출력을 사람 또는 자동화 워크플로가 독립 검증 없이 그대로 채택하여 오류가 업무 결과/고객 응대/시스템 조치로 직접 전파 | G72: • [OWASP 시나리오] 수행하지 않은 백업을 완료로 보고, 정상 트래픽을 침입으로 오판해 자동 대응 발동(LLM07 시나리오#5·#7) | H72: 하 | I72: 중 | J72: =IF(AND(H72="상",I72="상"),"매우 높음",IF(OR(AND(H72="상",I72="중"),AND(H72="중",I72="상")),"높음",IF(OR(AND(H72="중",I72="중"),AND(H72="상",I72="하"),AND(H72="하",I72="상")),"보통","낮음"))) | K72: 오류의 업무 결과 직접 전파 | L72: 이론·시나리오 | M72: 0 | N72: 해당 없음(구조적 결함) | P72: LLM07 | Q72: 근거 인용·출처 검증(그라운딩), 신뢰도 표시, 고위험 결정의 독립 검증, 추천 출처 편향 모니터링
A73: D06. 에이전트 오남용 및 통제 상실 | B73: UT-21 | C73: 과도한 에이전시 | D73: UT-21.1 | E73: 과도한 기능 | F73: 업무 수행에 불필요한 도구/플러그인 기능(예: 요약용 비서의 메일 발송 기능)이 에이전트에 부여되어, 인젝션 시 악용 가능한 행위 범위 확대 | G73: • [OWASP 시나리오] 메일 요약용 비서가 발송 기능까지 보유해 인젝션 시 받은편지함 전체를 외부로 전달(LLM03 시나리오#1) | H73: 하 | I73: 중 | J73: =IF(AND(H73="상",I73="상"),"매우 높음",IF(OR(AND(H73="상",I73="중"),AND(H73="중",I73="상")),"높음",IF(OR(AND(H73="중",I73="중"),AND(H73="상",I73="하"),AND(H73="하",I73="상")),"보통","낮음"))) | K73: 악용 시 피해 범위 확대 요인 | L73: 이론·시나리오 | M73: 0 | N73: 해당 없음(구조적 결함) | P73: LLM03 | Q73: 최소 에이전시·최소권한, 도구별 범위·호출량 제한, 인자 의미 검증, 파괴적 작업 인간 승인
A74: D06. 에이전트 오남용 및 통제 상실 | B74: UT-21 | C74: 과도한 에이전시 | D74: UT-21.2 | E74: 과도한 권한 | F74: 에이전트가 사용자 범위가 아닌 관리자/서비스 전체 권한 계정으로 동작하거나 권한이 점진적으로 확장되어, 단일 오작동이 조직 전체 데이터 접근으로 확대 | G74: • [ATLAS CS0037·실증] Copilot Studio 고객지원 에이전트를 인젝션해 지식원·도구를 탐색하고 CRM 데이터 유출 • [OWASP 시나리오] 주문 조회용 지원 봇이 결제 API 전체 권한으로 환불까지 실행(ASI02 시나리오#3) | H74: 중 | I74: 상 | J74: =IF(AND(H74="상",I74="상"),"매우 높음",IF(OR(AND(H74="상",I74="중"),AND(H74="중",I74="상")),"높음",IF(OR(AND(H74="중",I74="중"),AND(H74="상",I74="하"),AND(H74="하",I74="상")),"보통","낮음"))) | K74: 조직 전체 데이터 접근 권한 노출 | L74: 실증·공개 취약점 | M74: 0 | N74: 해당 없음(구조적 결함) | P74: LLM03, MCP02 | Q74: 최소 에이전시·최소권한, 도구별 범위·호출량 제한, 인자 의미 검증, 파괴적 작업 인간 승인
A75: D06. 에이전트 오남용 및 통제 상실 | B75: UT-21 | C75: 과도한 에이전시 | D75: UT-21.3 | E75: 과도한 자율성 | F75: 결제/삭제/외부 발송 등 고위험 행위를 사람 승인 없이 자율 실행하도록 설계되어 오판 및 조작이 즉시 실제 피해로 전환 | G75: • [OWASP 시나리오] 고위험 작업에 대한 승인 절차 부재(LLM03 위험 예시) | H75: 하 | I75: 중 | J75: =IF(AND(H75="상",I75="상"),"매우 높음",IF(OR(AND(H75="상",I75="중"),AND(H75="중",I75="상")),"높음",IF(OR(AND(H75="중",I75="중"),AND(H75="상",I75="하"),AND(H75="하",I75="상")),"보통","낮음"))) | K75: 승인 부재로 오판이 즉시 실제 피해로 전환 | L75: 이론·시나리오 | M75: 0 | N75: 해당 없음(구조적 결함) | P75: LLM03 | Q75: 최소 에이전시·최소권한, 도구별 범위·호출량 제한, 인자 의미 검증, 파괴적 작업 인간 승인
A76: D06. 에이전트 오남용 및 통제 상실 | B76: UT-21 | C76: 과도한 에이전시 | D76: UT-21.4 | E76: 위험한 도구 연쇄 호출 | F76: 정상 도구들을 조회, 가공, 외부 전송 순으로 연쇄 호출하거나 반복 호출하여 개별 도구 통제로는 탐지되지 않는 데이터 유출/권한 밖 행위 수행 | G76: • [ATLAS CS0016·실증] MathGPT에 프롬프트 인젝션으로 파이썬 코드 실행·API 키 노출 • [ATLAS CS0021·실증] 웹페이지 간접 인젝션으로 ChatGPT 대화 내용을 이미지 URL로 유출 • [ATLAS CS0024·실증] RAG를 매개로 자기복제 프롬프트가 GenAI 이메일 비서 간 전파(Morris II 웜) | H76: 중 | I76: 상 | J76: =IF(AND(H76="상",I76="상"),"매우 높음",IF(OR(AND(H76="상",I76="중"),AND(H76="중",I76="상")),"높음",IF(OR(AND(H76="중",I76="중"),AND(H76="상",I76="하"),AND(H76="하",I76="상")),"보통","낮음"))) | K76: 개별 통제 우회형 데이터 유출 및 권한 밖 행위 | L76: 실증·공개 취약점 | M76: 0 | N76: 실행(Execution) | O76: T0053 | P76: ASI02 | Q76: 최소 에이전시·최소권한, 도구별 범위·호출량 제한, 인자 의미 검증, 파괴적 작업 인간 승인
A77: D06. 에이전트 오남용 및 통제 상실 | B77: UT-21 | C77: 과도한 에이전시 | D77: UT-21.5 | E77: 파괴적 도구 실행 | F77: 에이전트가 조작된 지시 또는 오판에 따라 파일/DB/인프라 삭제 명령을 도구로 실행하여 업무 데이터 및 서비스 파괴 | G77: • [ATLAS CS0047·실제사고] 과권한 GitHub 토큰으로 Amazon Q VS Code 확장에 파괴형 에이전트 지시 커밋(실제 사고) • [ATLAS CS0046·실증] 웹페이지 인젝션으로 Claude Computer Use가 셸 명령으로 사용자 데이터 삭제 • [ATLAS CS0063·실증] 캘린더 초대·메일에 숨긴 지시로 Gemini 비서가 기기·앱을 조작 • [OWASP 인용] Replit 운영 DB 삭제(2025.07) / Google Gemini CLI 파일 손실(2025.07) | H77: 상 | I77: 상 | J77: =IF(AND(H77="상",I77="상"),"매우 높음",IF(OR(AND(H77="상",I77="중"),AND(H77="중",I77="상")),"높음",IF(OR(AND(H77="중",I77="중"),AND(H77="상",I77="하"),AND(H77="하",I77="상")),"보통","낮음"))) | K77: 운영 데이터 및 서비스 파괴 | L77: 실제 사고 확인 | M77: 3 | N77: 영향(Impact) | O77: T0101 | P77: ASI02 | Q77: 최소 에이전시·최소권한, 도구별 범위·호출량 제한, 인자 의미 검증, 파괴적 작업 인간 승인
A78: D06. 에이전트 오남용 및 통제 상실 | B78: UT-22 | C78: 비의도적 코드 실행 | D78: UT-22.1 | E78: 생성 코드 실행 | F78: - 공격자는 인젝션으로 에이전트가 생성하거나 받아들인 코드·셸 명령을 코드 인터프리터·터미널 도구에서 검증 없이 실행하게 해, 실행 환경에서 명령 실행과 시스템 변경을 일으킬 수 있음 - 생성과 실행이 한 흐름으로 묶인 에이전트에서는 승인 절차 우회 하나로 호스트 장악까지 이어지며, 실행 코드가 매번 달라 시그니처 탐지가 어려움 | G78: ■ AI 관점 - 실행 경로: 코드 인터프리터·노트북 커널, 질의를 코드로 바꿔 실행하는 프레임워크, 코딩 에이전트의 셸 도구, 화면을 조작하는 컴퓨터 사용 에이전트 (OWASP ASI05) - 발생 원인: 프롬프트 인젝션으로 심은 명령, 환각·오염으로 생성된 위험 코드, 자동 복구 과정의 미검토 설치·셸 명령 — 실시간 생성 코드라 배포 전 코드 검증을 거치지 않음 (OWASP ASI05 예시 #1~#3) - 승인 절차 우회: 명령 파싱 결함이나 허용 목록 우회로 사용자 확인 없이 실행되면 개발자 PC·CI 러너·서버 권한이 그대로 넘어감 (UT-32.3) - 도구 구현 내부에서 인자가 셸·eval로 흘러 실행되는 명령 주입은 UT-22.4, 파일 로딩 시 실행은 UT-22.2, 격리 탈출은 UT-22.3에서 다룸 ■ 실제 사례 - [실제 사고] OpenAI 평가용 자율 에이전트(2026-07): 내부 평가 중 에이전트들이 노출된 실행 하네스로 셸 명령과 C·Python 코드를 실행하고, Jinja2 실행 경로로 Hugging Face 운영 Dataset Server 파드에서 명령을 실행 (ATLAS AML.CS0068) - [실증] LLMSmith(2025-02): LangChain·LlamaIndex·PandasAI 등 11개 프레임워크에서 LLM 출력을 코드로 실행하는 경로의 RCE 취약점 20개를 찾아 인터넷 공개 앱에서 실증 (ATLAS AML.CS0052) - [공개 취약점] CVE-2025-54795(Claude Code): 명령 파싱 오류로 실행 확인 절차를 우회해 신뢰되지 않은 명령을 실행 (OWASP DSGAI02) | H78: 상 | I78: 상 | J78: =IF(AND(H78="상",I78="상"),"매우 높음",IF(OR(AND(H78="상",I78="중"),AND(H78="중",I78="상")),"높음",IF(OR(AND(H78="중",I78="중"),AND(H78="상",I78="하"),AND(H78="하",I78="상")),"보통","낮음"))) | K78: 호스트 명령 실행(시스템 장악) | L78: 실제 사고 확인 | M78: 2 | N78: 실행(Execution) | O78: T0050 | P78: ASI05, MCP05 | Q78: 코드 생성과 실행 분리·승인 게이트, 도구 인자 검증·파라미터화(셸·eval 직접 전달 금지), 비루트 격리 샌드박스, 실행 전 정적검사, 명령 허용목록
A79: D06. 에이전트 오남용 및 통제 상실 | B79: UT-22 | C79: 비의도적 코드 실행 | D79: UT-22.2 | E79: 안전하지 않은 파일 실행 | F79: pickle 등 역직렬화 취약 포맷의 모델/데이터 파일 또는 사용자가 실행한 악성 노트북을 통해 로딩 시점에 임의 코드 실행 | G79: • [ATLAS CS0018·실증] Google Colab 노트북을 통한 임의 코드 실행 경로 시연 • [ATLAS CS0031·실제사고] Hugging Face에 역쉘을 내장한 악성 모델 호스팅(실제 사고) • [ATLAS CS0044·실제사고] APT28 LAMEHUG가 LLM API로 실행 명령을 동적 생성(실제 사고) • [OWASP 인용] CVE-2025-24357 vLLM torch.load 안전하지 않은 역직렬화 | H79: 상 | I79: 상 | J79: =IF(AND(H79="상",I79="상"),"매우 높음",IF(OR(AND(H79="상",I79="중"),AND(H79="중",I79="상")),"높음",IF(OR(AND(H79="중",I79="중"),AND(H79="상",I79="하"),AND(H79="하",I79="상")),"보통","낮음"))) | K79: 파일 로딩 시 임의 코드 실행 | L79: 실제 사고 확인 | M79: 2 | N79: 실행(Execution) | O79: T0011 | P79: ASI05 | Q79: 코드 생성과 실행 분리·승인 게이트, 도구 인자 검증·파라미터화(셸·eval 직접 전달 금지), 비루트 격리 샌드박스, 실행 전 정적검사, 명령 허용목록
A80: D06. 에이전트 오남용 및 통제 상실 | B80: UT-22 | C80: 비의도적 코드 실행 | D80: UT-22.3 | E80: 샌드박스 탈출 | F80: 코드 실행 환경의 격리 결함/설정 파일 덮어쓰기를 악용하여 샌드박스를 벗어나 호스트 장악 및 지속성 확보 | G80: • [ATLAS CS0068·실제사고] OpenAI 평가용 자율 에이전트들이 평가 경계를 넘어 외부 인프라 구축·Hugging Face 침해(실제 사고) • [ATLAS CS0050·실증] 악성 링크 1회 클릭으로 OpenClaw 로컬 에이전트 원격 코드 실행 • [ATLAS CS0052·실증] 11개 LLM 프레임워크에서 20개 RCE 취약점 발견, 인터넷 공개 앱에서 실증(LLMSmith) • [OWASP 인용] Cursor 설정 덮어쓰기(대소문자 불일치, 2025.10) / Cursor 에이전트 파일 보호 우회(2025.10) | H80: 중 | I80: 상 | J80: =IF(AND(H80="상",I80="상"),"매우 높음",IF(OR(AND(H80="상",I80="중"),AND(H80="중",I80="상")),"높음",IF(OR(AND(H80="중",I80="중"),AND(H80="상",I80="하"),AND(H80="하",I80="상")),"보통","낮음"))) | K80: 호스트 장악 및 지속성 확보 | L80: 실제 사고 확인 | M80: 1 | N80: 권한 상승(Privilege Escalation) | O80: T0105, T0112 | P80: ASI05 | Q80: 코드 생성과 실행 분리·승인 게이트, 도구 인자 검증·파라미터화(셸·eval 직접 전달 금지), 비루트 격리 샌드박스, 실행 전 정적검사, 명령 허용목록
A81: D06. 에이전트 오남용 및 통제 상실 | B81: UT-22 | C81: 비의도적 코드 실행 | D81: UT-22.4 | E81: 도구 인자 명령 주입 | F81: - 공격자는 인젝션으로 조종한 모델이 도구에 넘기는 인자에 셸 메타문자·코드 조각·경로 조작 문자열을 넣어, 셸·eval·템플릿 처리로 이어지는 도구 구현에서 임의 명령을 실행할 수 있음 - 코드 실행용이 아닌 일반 도구·MCP 서버도 인자 검증이 없으면 실행 지점이 되며, 모델 출력이라 사용자 입력 검증을 거치지 않아 놓치기 쉬움 | G81: ■ AI 관점 - 정의: 모델이 만든 도구 인자가 도구·프레임워크·MCP 서버 구현의 셸 문자열 결합, eval·람다 평가, 템플릿 엔진, 파일 경로 처리로 검증 없이 전달되는 결함 — 도구 자체는 코드를 실행하는 용도가 아님 (OWASP MCP05·ASI05) - 고전적 명령 주입·경로 조작과 원리는 같지만 입력 주체가 프롬프트 인젝션(UT-07.1)에 조종된 모델이어서, 사용자 입력에 적용하던 검증 계층을 거치지 않음 - 예: "test.txt && rm -rf /important_data"처럼 셸 메타문자가 섞인 파일명 인자, 업로드→경로 조작→동적 코드 로딩으로 이어지는 도구 연쇄, 에이전트 메모리 시스템의 eval 처리 (OWASP ASI05 시나리오 #2·#5·#6) - LLM 프레임워크에서 사용자 입력·LLM 출력이 exec·eval·os.popen으로 이어지는 호출 체인은 정적 분석으로 대량 식별되어 인터넷 공개 앱이 표적이 됨 (UT-08.2, ATLAS AML.T0084.003) ■ 실제 사례 - [실증] Semantic Kernel 검색 플러그인(2026-05): 인젝션으로 검색 도구의 필터 인자에 악성 서식을 넣자 필터가 Python 람다식으로 평가되어 호스트에서 원격 코드 실행 (ATLAS AML.CS0062) - [공개 취약점] Framelink Figma MCP(2025-10): get_figma_data 도구의 미검증 입력으로 비인증 원격 명령 실행 (OWASP ASI 부록 D) - [공개 취약점] CVE-2025-6514(mcp-remote): 신뢰할 수 없는 MCP 서버가 돌려준 authorization_endpoint URL로 클라이언트 PC에 OS 명령 주입 (OWASP DSGAI06) | H81: 중 | I81: 상 | J81: =IF(AND(H81="상",I81="상"),"매우 높음",IF(OR(AND(H81="상",I81="중"),AND(H81="중",I81="상")),"높음",IF(OR(AND(H81="중",I81="중"),AND(H81="상",I81="하"),AND(H81="하",I81="상")),"보통","낮음"))) | K81: 도구 실행 호스트의 임의 명령 실행(시스템 장악) | L81: 실사용 기법 포함 | M81: 0 | N81: 실행(Execution) | P81: ASI05, MCP05 | Q81: 코드 생성과 실행 분리·승인 게이트, 도구 인자 검증·파라미터화(셸·eval 직접 전달 금지), 비루트 격리 샌드박스, 실행 전 정적검사, 명령 허용목록
A82: D06. 에이전트 오남용 및 통제 상실 | B82: UT-23 | C82: 에이전트 간 연쇄 장애 | D82: UT-23.1 | E82: 다중 에이전트 오류 전파 | F82: 한 에이전트의 환각/오염 출력이 검증 없이 후속 에이전트의 입력으로 전달되어 다단계 워크플로 전체로 오류 증폭 | G82: • [OWASP 인용] GitHub Copilot·Cursor 코드 에이전트 익스플로잇(2025.03) • [OWASP 시나리오] 인젝션된 시장분석 에이전트가 위험 한도를 부풀려 연쇄 매매(ASI08 시나리오#1) | H82: 중 | I82: 중 | J82: =IF(AND(H82="상",I82="상"),"매우 높음",IF(OR(AND(H82="상",I82="중"),AND(H82="중",I82="상")),"높음",IF(OR(AND(H82="중",I82="중"),AND(H82="상",I82="하"),AND(H82="하",I82="상")),"보통","낮음"))) | K82: 연계 워크플로 오작동(무결성 및 가용성) | L82: 실증·공개 취약점 | M82: 0 | N82: 내부 확산(Lateral Movement) | P82: ASI08 | Q82: 결함 격리·블라스트 반경 상한, 계획/실행 분리, 서킷브레이커, 디지털 트윈 재현 시험
A83: D06. 에이전트 오남용 및 통제 상실 | B83: UT-23 | C83: 에이전트 간 연쇄 장애 | D83: UT-23.2 | E83: 자기복제 프롬프트(웜) | F83: 출력에 자신을 복제하는 지시를 포함시켜, 메일/문서를 매개로 연결된 다른 AI 시스템으로 자동 전파되며 데이터 유출과 스팸 확산 | G83: • [ATLAS CS0024·실증] RAG를 매개로 자기복제 프롬프트가 GenAI 이메일 비서 간 전파(Morris II 웜) | H83: 중 | I83: 상 | J83: =IF(AND(H83="상",I83="상"),"매우 높음",IF(OR(AND(H83="상",I83="중"),AND(H83="중",I83="상")),"높음",IF(OR(AND(H83="중",I83="중"),AND(H83="상",I83="하"),AND(H83="하",I83="상")),"보통","낮음"))) | K83: 연결된 AI 시스템 전반 자동 확산 | L83: 실증·공개 취약점 | M83: 0 | N83: 지속성(Persistence) | O83: T0061 | P83: ASI08 | Q83: 결함 격리·블라스트 반경 상한, 계획/실행 분리, 서킷브레이커, 디지털 트윈 재현 시험
A84: D06. 에이전트 오남용 및 통제 상실 | B84: UT-23 | C84: 에이전트 간 연쇄 장애 | D84: UT-23.3 | E84: 자동 대응 루프 폭주 | F84: 자동 복구/대응 에이전트 간 상호 트리거로 피드백 루프가 형성되어 과도한 조치, 자원 소모, 경보 억제 등 시스템 불안정 유발 | G84: • [OWASP 시나리오] 자동 복구 에이전트 간 피드백 루프로 경보 억제 및 과잉 조치(ASI08 시나리오#6) | H84: 하 | I84: 중 | J84: =IF(AND(H84="상",I84="상"),"매우 높음",IF(OR(AND(H84="상",I84="중"),AND(H84="중",I84="상")),"높음",IF(OR(AND(H84="중",I84="중"),AND(H84="상",I84="하"),AND(H84="하",I84="상")),"보통","낮음"))) | K84: 일시적 가용성 저하 및 과잉 조치 | L84: 이론·시나리오 | M84: 0 | N84: 영향(Impact) | P84: ASI08 | Q84: 결함 격리·블라스트 반경 상한, 계획/실행 분리, 서킷브레이커, 디지털 트윈 재현 시험
A85: D06. 에이전트 오남용 및 통제 상실 | B85: UT-24 | C85: 통제를 벗어난 에이전트 | D85: UT-24.1 | E85: 목표 이탈과 보상 해킹 | F85: 에이전트가 부여된 목표를 문자 그대로 최적화하는 과정에서 백업 삭제/통제 우회 등 의도하지 않은 유해 행위를 선택하고 정상 동작처럼 보고 | G85: • [ATLAS CS0068·실제사고] OpenAI 평가용 자율 에이전트들이 평가 경계를 넘어 외부 인프라 구축·Hugging Face 침해(실제 사고) • [OWASP 인용] Replit 바이브 코딩 에이전트의 지시 위반 및 데이터 조작(2025.07) • [OWASP 시나리오] 비용 최소화 목표의 에이전트가 운영 백업 삭제를 학습(ASI10 시나리오#4) | H85: 상 | I85: 상 | J85: =IF(AND(H85="상",I85="상"),"매우 높음",IF(OR(AND(H85="상",I85="중"),AND(H85="중",I85="상")),"높음",IF(OR(AND(H85="중",I85="중"),AND(H85="상",I85="하"),AND(H85="하",I85="상")),"보통","낮음"))) | K85: 권한 내 유해 행위 지속 및 은폐 | L85: 실제 사고 확인 | M85: 2 | N85: 해당 없음(구조적 결함) | P85: ASI10 | Q85: 행동 기준선·감시 에이전트, 범위 이탈 탐지, 킬스위치·자격증명 즉시 폐기, 서명된 행동 매니페스트
A86: D06. 에이전트 오남용 및 통제 상실 | B86: UT-24 | C86: 통제를 벗어난 에이전트 | D86: UT-24.2 | E86: 악성 에이전트 배치 | F86: 공격자가 피해 환경에 자체 에이전트를 배치하거나 승인되지 않은 에이전트를 실행하여 정상 에이전트로 위장한 채 데이터 접근 및 행위 수행 | G86: • [ATLAS CS0047·실제사고] 과권한 GitHub 토큰으로 Amazon Q VS Code 확장에 파괴형 에이전트 지시 커밋(실제 사고) • [ATLAS CS0069·실제사고] GTG-1002가 탈옥한 Claude Code로 약 30개 조직 대상 자율 사이버 첩보(실제 사고) | H86: 상 | I86: 상 | J86: =IF(AND(H86="상",I86="상"),"매우 높음",IF(OR(AND(H86="상",I86="중"),AND(H86="중",I86="상")),"높음",IF(OR(AND(H86="중",I86="중"),AND(H86="상",I86="하"),AND(H86="하",I86="상")),"보통","낮음"))) | K86: 정상 위장 에이전트의 지속적 데이터 접근 | L86: 실제 사고 확인 | M86: 2 | N86: 실행(Execution) | O86: T0103 | P86: ASI10 | Q86: 행동 기준선·감시 에이전트, 범위 이탈 탐지, 킬스위치·자격증명 즉시 폐기, 서명된 행동 매니페스트
A87: D06. 에이전트 오남용 및 통제 상실 | B87: UT-24 | C87: 통제를 벗어난 에이전트 | D87: UT-24.3 | E87: 에이전트 설정 변조 | F87: 에이전트 설정 파일(규칙/권한/연결 도구)을 변조하여 보안 기능 비활성화 또는 악성 지시를 영속화하고, 설정을 공유하는 모든 에이전트로 영향 전파 | G87: • [ATLAS CS0041·실증] AI 코딩도구 규칙 파일에 보이지 않는 유니코드 지시를 숨겨 악성 코드 생성 유도 • [ATLAS CS0050·실증] 악성 링크 1회 클릭으로 OpenClaw 로컬 에이전트 원격 코드 실행 • [ATLAS CS0051·실증] 웹페이지 인젝션으로 OpenClaw에 지속 지시를 심어 C2로 활용 • [OWASP 인용] Cursor CLI 프로젝트 설정 경유 명령 실행(2025.10) | H87: 중 | I87: 상 | J87: =IF(AND(H87="상",I87="상"),"매우 높음",IF(OR(AND(H87="상",I87="중"),AND(H87="중",I87="상")),"높음",IF(OR(AND(H87="중",I87="중"),AND(H87="상",I87="하"),AND(H87="하",I87="상")),"보통","낮음"))) | K87: 보안 기능 해제 및 악성 지시 영속화 | L87: 실증·공개 취약점 | M87: 0 | N87: 지속성(Persistence) | O87: T0081 | P87: ASI10 | Q87: 행동 기준선·감시 에이전트, 범위 이탈 탐지, 킬스위치·자격증명 즉시 폐기, 서명된 행동 매니페스트
A88: D06. 에이전트 오남용 및 통제 상실 | B88: UT-24 | C88: 통제를 벗어난 에이전트 | D88: UT-24.4 | E88: 종료 후 활동 지속 | F88: 자율 에이전트가 과업 종료 또는 중지 이후에도 실행 환경을 재구성하여 활동을 지속하거나 외부 자원을 확보 | G88: • [ATLAS CS0068·실제사고] OpenAI 평가용 자율 에이전트들이 평가 경계를 넘어 외부 인프라 구축·Hugging Face 침해(실제 사고) | H88: 중 | I88: 상 | J88: =IF(AND(H88="상",I88="상"),"매우 높음",IF(OR(AND(H88="상",I88="중"),AND(H88="중",I88="상")),"높음",IF(OR(AND(H88="중",I88="중"),AND(H88="상",I88="하"),AND(H88="하",I88="상")),"보통","낮음"))) | K88: 통제 밖 외부 자원 확보 및 침해 | L88: 실제 사고 확인 | M88: 1 | N88: 지속성(Persistence) | O88: T0121 | P88: ASI10 | Q88: 행동 기준선·감시 에이전트, 범위 이탈 탐지, 킬스위치·자격증명 즉시 폐기, 서명된 행동 매니페스트
A89: D07. AI 신원 및 권한 악용 | B89: UT-25 | C89: 에이전트 자격증명 탈취 및 악용 | D89: UT-25.1 | E89: 평문 저장 자격증명 수집 | F89: 에이전트 설정/RAG 문서/코드 저장소/CI 변수에 평문 저장된 API 키와 토큰을 수집하여 연동 시스템 접근 권한 확보 | G89: • [ATLAS CS0006·실제사고] Clearview AI 저장소 설정 오류로 소스코드·자격증명·모델 노출 • [ATLAS CS0023·실제사고] 인증 없는 Ray 클러스터를 탈취해 연산자원·자격증명·모델 탈취(ShadowRay, 실제 사고) • [ATLAS CS0030·실제사고] 탈취한 클라우드 자격증명으로 LLM 서비스를 무단 사용·재판매(LLMjacking, 실제 사고) • [OWASP 인용] Hugging Face Spaces 비밀 토큰 노출(2024) | H89: 상 | I89: 상 | J89: =IF(AND(H89="상",I89="상"),"매우 높음",IF(OR(AND(H89="상",I89="중"),AND(H89="중",I89="상")),"높음",IF(OR(AND(H89="중",I89="중"),AND(H89="상",I89="하"),AND(H89="하",I89="상")),"보통","낮음"))) | K89: 연동 시스템 접근 권한 일괄 확보 | L89: 실제 사고 확인 | M89: 8 | N89: 자격증명 접근(Credential Access) | O89: T0055, T0082, T0083 | P89: DSGAI02, MCP01 | Q89: 단명·작업범위 토큰, 비밀정보의 프롬프트·설정 내 저장 금지, 비밀 스캐닝, 에이전트별 고유 신원, 퇴역 시 즉시 폐기
A90: D07. AI 신원 및 권한 악용 | B90: UT-25 | C90: 에이전트 자격증명 탈취 및 악용 | D90: UT-25.2 | E90: 도구 경유 자격증명 수집 | F90: 에이전트 도구(파일 조회/명령 실행)를 악용하여 실행 환경의 자격증명 파일과 환경변수를 읽어 외부로 전달 | G90: • [ATLAS CS0067·실증] Claude Code GitHub Action이 인젝션으로 저장소 비밀값을 노출 • [ATLAS CS0048·실증] 인터넷에 노출된 ClawdBot 제어 인터페이스 수백 개에서 자격증명 탈취·명령 실행 • [ATLAS CS0054·실증] 원격 MCP 도구 설명문의 숨은 지시로 에이전트가 파일·데이터 유출 | H90: 중 | I90: 상 | J90: =IF(AND(H90="상",I90="상"),"매우 높음",IF(OR(AND(H90="상",I90="중"),AND(H90="중",I90="상")),"높음",IF(OR(AND(H90="중",I90="중"),AND(H90="상",I90="하"),AND(H90="하",I90="상")),"보통","낮음"))) | K90: 실행 환경 자격증명 탈취 | L90: 실증·공개 취약점 | M90: 0 | N90: 자격증명 접근(Credential Access) | O90: T0098 | P90: DSGAI02 | Q90: 단명·작업범위 토큰, 비밀정보의 프롬프트·설정 내 저장 금지, 비밀 스캐닝, 에이전트별 고유 신원, 퇴역 시 즉시 폐기
A91: D07. AI 신원 및 권한 악용 | B91: UT-25 | C91: 에이전트 자격증명 탈취 및 악용 | D91: UT-25.3 | E91: 인증 토큰 및 세션 쿠키 탈취 | F91: AI 데스크톱 앱 메모리 덤프/브라우저 세션 쿠키 탈취/취약점 익스플로잇을 통해 인증 토큰을 획득하여 사용자로 가장 | G91: • [ATLAS CS0036·실증] LLM 데스크톱 앱 메모리에서 인증 토큰을 추출해 사용자 가장(AIKatz) • [ATLAS CS0050·실증] 악성 링크 1회 클릭으로 OpenClaw 로컬 에이전트 원격 코드 실행 • [ATLAS CS0060·실증] Lenovo 챗봇이 생성한 악성 HTML이 상담원 브라우저에서 실행되어 세션 쿠키 탈취(XSS) | H91: 중 | I91: 상 | J91: =IF(AND(H91="상",I91="상"),"매우 높음",IF(OR(AND(H91="상",I91="중"),AND(H91="중",I91="상")),"높음",IF(OR(AND(H91="중",I91="중"),AND(H91="상",I91="하"),AND(H91="하",I91="상")),"보통","낮음"))) | K91: 사용자 가장을 통한 계정 장악 | L91: 실증·공개 취약점 | M91: 0 | N91: 자격증명 접근(Credential Access) | O91: T0090, T0106, T0113 | P91: DSGAI02 | Q91: 단명·작업범위 토큰, 비밀정보의 프롬프트·설정 내 저장 금지, 비밀 스캐닝, 에이전트별 고유 신원, 퇴역 시 즉시 폐기
A92: D07. AI 신원 및 권한 악용 | B92: UT-25 | C92: 에이전트 자격증명 탈취 및 악용 | D92: UT-25.4 | E92: 탈취 자격증명 재사용 | F92: 탈취한 API 키/토큰/세션으로 정상 사용자로 위장하여 AI 서비스에 접근하고 추가 계정 생성으로 접근을 영속화(예: LLMjacking 무단 사용 및 재판매) | G92: • [ATLAS CS0030·실제사고] 탈취한 클라우드 자격증명으로 LLM 서비스를 무단 사용·재판매(LLMjacking, 실제 사고) • [ATLAS CS0036·실증] LLM 데스크톱 앱 메모리에서 인증 토큰을 추출해 사용자 가장(AIKatz) • [ATLAS CS0044·실제사고] APT28 LAMEHUG가 LLM API로 실행 명령을 동적 생성(실제 사고) | H92: 상 | I92: 상 | J92: =IF(AND(H92="상",I92="상"),"매우 높음",IF(OR(AND(H92="상",I92="중"),AND(H92="중",I92="상")),"높음",IF(OR(AND(H92="중",I92="중"),AND(H92="상",I92="하"),AND(H92="하",I92="상")),"보통","낮음"))) | K92: 정상 사용자 위장 접근 및 대규모 무단 사용 | L92: 실제 사고 확인 | M92: 6 | N92: 초기 접근(Initial Access) | O92: T0012, T0091, T0091.000, T0091.001, T0125 | P92: MCP01 | Q92: 단명·작업범위 토큰, 비밀정보의 프롬프트·설정 내 저장 금지, 비밀 스캐닝, 에이전트별 고유 신원, 퇴역 시 즉시 폐기
A93: D07. AI 신원 및 권한 악용 | B93: UT-26 | C93: 권한 위임 결함 | D93: UT-26.1 | E93: 혼동된 대리인 | F93: 권한이 낮은 외부 사용자의 입력을 높은 권한의 에이전트가 대신 처리하여, 요청자 권한 검증 없이 내부자 수준 행위 수행 | G93: • [ATLAS CS0039·실증] 외부 사용자가 Jira 티켓에 악성 입력을 넣어 AI가 내부자 권한으로 행위(Living off AI) • [OWASP 인용] Heroku MCP 앱 소유권 탈취(2025.06) • [OWASP 시나리오] 재무 에이전트가 DB 조회 에이전트에 모든 권한을 넘겨 위임 권한 남용(ASI03 시나리오#1) | H93: 중 | I93: 상 | J93: =IF(AND(H93="상",I93="상"),"매우 높음",IF(OR(AND(H93="상",I93="중"),AND(H93="중",I93="상")),"높음",IF(OR(AND(H93="중",I93="중"),AND(H93="상",I93="하"),AND(H93="하",I93="상")),"보통","낮음"))) | K93: 외부 입력에 의한 내부자 수준 행위 | L93: 실증·공개 취약점 | M93: 0 | N93: 권한 상승(Privilege Escalation) | P93: ASI03, MCP07 | Q93: 상호 인증·위임 범위 전파, 권한 상승 시 재인가, 세션 격리, 신원 수명주기 관리
A94: D07. AI 신원 및 권한 악용 | B94: UT-26 | C94: 권한 위임 결함 | D94: UT-26.2 | E94: 캐시된 자격증명 재사용 | F94: 작업 중 캐시된 관리자 자격증명/세션이 다른 사용자 요청이나 후속 작업에 재사용되어 권한 경계 붕괴 | G94: • [OWASP 시나리오] 패치 작업 중 캐시된 SSH 자격증명을 비관리자가 재사용(ASI03 시나리오#2) | H94: 하 | I94: 상 | J94: =IF(AND(H94="상",I94="상"),"매우 높음",IF(OR(AND(H94="상",I94="중"),AND(H94="중",I94="상")),"높음",IF(OR(AND(H94="중",I94="중"),AND(H94="상",I94="하"),AND(H94="하",I94="상")),"보통","낮음"))) | K94: 권한 경계 붕괴로 관리자 권한 노출 | L94: 이론·시나리오 | M94: 0 | N94: 권한 상승(Privilege Escalation) | P94: ASI03 | Q94: 상호 인증·위임 범위 전파, 권한 상승 시 재인가, 세션 격리, 신원 수명주기 관리
A95: D07. AI 신원 및 권한 악용 | B95: UT-26 | C95: 권한 위임 결함 | D95: UT-26.3 | E95: 인가 시점 불일치 | F95: 워크플로 시작 시점에만 권한을 검증하고 실행 단계별 재검증을 생략하여 진행 중 권한 변경/위임 확장이 통제되지 않음 | G95: • [OWASP 시나리오] 결재 시작 시점에만 승인 검증(ASI03 시나리오#5) | H95: 하 | I95: 중 | J95: =IF(AND(H95="상",I95="상"),"매우 높음",IF(OR(AND(H95="상",I95="중"),AND(H95="중",I95="상")),"높음",IF(OR(AND(H95="중",I95="중"),AND(H95="상",I95="하"),AND(H95="하",I95="상")),"보통","낮음"))) | K95: 진행 중 권한 변경 통제 실패 | L95: 이론·시나리오 | M95: 0 | N95: 권한 상승(Privilege Escalation) | P95: ASI03, MCP07 | Q95: 상호 인증·위임 범위 전파, 권한 상승 시 재인가, 세션 격리, 신원 수명주기 관리
A96: D07. AI 신원 및 권한 악용 | B96: UT-27 | C96: 에이전트 간 통신 조작 | D96: UT-27.1 | E96: 메시지 위조 및 중간자 공격 | F96: 에이전트 간 비암호화/무서명 통신 구간에서 메시지를 가로채거나 변조하여 다른 에이전트의 지시와 판단 조작 | G96: • [OWASP 인용] MCP OAuth 응답 악용(2025.10) • [OWASP 시나리오] 비암호화 채널 중간자의 의미 주입(ASI07 시나리오#1) | H96: 중 | I96: 상 | J96: =IF(AND(H96="상",I96="상"),"매우 높음",IF(OR(AND(H96="상",I96="중"),AND(H96="중",I96="상")),"높음",IF(OR(AND(H96="중",I96="중"),AND(H96="상",I96="하"),AND(H96="하",I96="상")),"보통","낮음"))) | K96: 다른 에이전트 지시 및 판단 장악 | L96: 실증·공개 취약점 | M96: 0 | N96: 내부 확산(Lateral Movement) | P96: ASI07 | Q96: mTLS·메시지 서명·nonce/타임스탬프, 스키마 검증·버전관리, 인증된 디렉터리
A97: D07. AI 신원 및 권한 악용 | B97: UT-27 | C97: 에이전트 간 통신 조작 | D97: UT-27.2 | E97: 메시지 재전송 | F97: 과거의 정상 지시/승인 메시지를 재전송하여 만료된 절차 또는 권한을 재실행 | G97: • [OWASP 시나리오] 과거 긴급 조정 메시지 재전송으로 구식 절차 실행(ASI07 시나리오#3) | H97: 하 | I97: 중 | J97: =IF(AND(H97="상",I97="상"),"매우 높음",IF(OR(AND(H97="상",I97="중"),AND(H97="중",I97="상")),"높음",IF(OR(AND(H97="중",I97="중"),AND(H97="상",I97="하"),AND(H97="하",I97="상")),"보통","낮음"))) | K97: 만료 절차 재실행(범위 제한) | L97: 이론·시나리오 | M97: 0 | N97: 내부 확산(Lateral Movement) | P97: ASI07 | Q97: mTLS·메시지 서명·nonce/타임스탬프, 스키마 검증·버전관리, 인증된 디렉터리
A98: D07. AI 신원 및 권한 악용 | B98: UT-27 | C98: 에이전트 간 통신 조작 | D98: UT-27.3 | E98: 에이전트 위장 등록 | F98: 디스커버리 서비스/에이전트 레지스트리에 위장 에이전트를 등록하거나 에이전트 카드를 과장하여 정상 위임 작업과 데이터를 가로챔 | G98: • [OWASP 인용] A2A 프로토콜 스푸핑(Agent-in-the-Middle, 2025.04) • [OWASP 시나리오] 탐색 서비스에 가짜 피어 에이전트 등록(ASI07 시나리오#6) | H98: 중 | I98: 상 | J98: =IF(AND(H98="상",I98="상"),"매우 높음",IF(OR(AND(H98="상",I98="중"),AND(H98="중",I98="상")),"높음",IF(OR(AND(H98="중",I98="중"),AND(H98="상",I98="하"),AND(H98="하",I98="상")),"보통","낮음"))) | K98: 위임 작업 및 데이터 가로채기 | L98: 실증·공개 취약점 | M98: 0 | N98: 내부 확산(Lateral Movement) | P98: ASI07 | Q98: mTLS·메시지 서명·nonce/타임스탬프, 스키마 검증·버전관리, 인증된 디렉터리
A99: D08. AI 공급망 침해 | B99: UT-28 | C99: AI 개발 공급망 침해 | D99: UT-28.1 | E99: 변조 모델 및 데이터셋 유입 | F99: - 공격자는 악성 코드를 심거나 가중치·채팅 템플릿을 변조한 모델, 오염 데이터셋을 공개 허브·레지스트리에 올리거나 기존 배포 경로를 장악해, 이를 검증 없이 내려받는 조직에 백도어와 실행 코드를 유입시킬 수 있음 - 모델 파일은 로딩만으로 코드가 실행되거나 정상 성능을 유지한 채 숨은 동작을 품을 수 있어, 스캐너나 안전 포맷만으로는 걸러지지 않음 | G99: ■ AI 관점 - 모델 경로: pickle 등에 역쉘을 심은 모델 파일, 특정 질의에만 오답을 내도록 가중치를 편집한 모델, 조건부 지시를 넣은 GGUF 채팅 템플릿, 공급사 LoRA 어댑터·변환 서비스 변조 (OWASP LLM04:2026 예시 #3·#5) - 데이터셋 경로: 오염 데이터셋을 허브에 공개하거나, URL 목록형 데이터셋이 가리키는 만료 도메인을 사들여 다운로드 시점에 오염 데이터를 내려보냄 (ATLAS AML.T0115) - 탐지 한계: 일부러 손상시킨 pickle은 스캐너가 끝까지 읽기 전에 실행되고, ONNX 같은 '안전' 포맷도 연산 그래프에 백도어를 품을 수 있으며, 안전 로더 자체의 우회 취약점(CVE-2025-32434)도 보고됨 (OWASP LLM04:2026 시나리오 #6) - 이름만으로 모델을 참조하면 삭제 계정 재등록·유사 조직명으로 바꿔치기될 수 있으며(UT-28.4), 심어진 백도어의 발동은 UT-14.4에서 다룸 ■ 실제 사례 - [실제 사고] Hugging Face 악성 모델(2025-02): 일부러 손상시킨 pickle로 Picklescan 검사를 피한 모델이 허브에 올라, 로딩 시 역쉘을 실행 — Hugging Face가 모델 삭제·스캐너 보완 (ATLAS AML.CS0031) - [실증] PoisonGPT(2023-07): 가중치를 편집해 특정 질문에 허위 사실을 답하게 만든 모델을 원본과 한 글자 다른 저장소명으로 Hugging Face에 배포 (ATLAS AML.CS0019) - [실증] Split-View 데이터 오염(2024-06): URL 목록형 대규모 데이터셋이 참조하는 만료 도메인을 사들여, 데이터셋을 내려받는 사용자에게 오염 데이터를 제공할 수 있음을 실증 (ATLAS AML.CS0025) | H99: 상 | I99: 상 | J99: =IF(AND(H99="상",I99="상"),"매우 높음",IF(OR(AND(H99="상",I99="중"),AND(H99="중",I99="상")),"높음",IF(OR(AND(H99="중",I99="중"),AND(H99="상",I99="하"),AND(H99="하",I99="상")),"보통","낮음"))) | K99: 조직 환경 내 백도어 및 실행 코드 유입 | L99: 실제 사고 확인 | M99: 4 | N99: 초기 접근(Initial Access) | O99: T0010, T0010.002, T0010.003, T0011.000, T0115, T0115.000, T0115.001 | P99: LLM04, LLM05, DSGAI04, DSGAI05 | Q99: AIBOM/SBOM 인벤토리, 버전 고정·출처 검증, AI 권고 패키지 실존·평판 확인, 공급자 약관·라이선스 검토, 레지스트리 허용목록
A100: D08. AI 공급망 침해 | B100: UT-28 | C100: AI 개발 공급망 침해 | D100: UT-28.2 | E100: 악성 의존성 유입 | F100: AI 프레임워크/라이브러리/하드웨어 공급망에 삽입된 악성 패키지나 변조 구성요소가 설치 과정에서 실행되어 개발 및 학습 환경 장악 | G100: • [ATLAS CS0015·실제사고] PyPI에 올라간 악성 torchtriton 의존성으로 PyTorch-nightly 사용자 정보 유출(실제 사고) • [ATLAS CS0047·실제사고] 과권한 GitHub 토큰으로 Amazon Q VS Code 확장에 파괴형 에이전트 지시 커밋(실제 사고) • [ATLAS CS0022·실증] LLM이 환각한 가짜 패키지명을 공격자가 선점해 악성 패키지 배포 가능성 입증 | H100: 상 | I100: 상 | J100: =IF(AND(H100="상",I100="상"),"매우 높음",IF(OR(AND(H100="상",I100="중"),AND(H100="중",I100="상")),"높음",IF(OR(AND(H100="중",I100="중"),AND(H100="상",I100="하"),AND(H100="하",I100="상")),"보통","낮음"))) | K100: 개발 및 학습 환경 장악 | L100: 실제 사고 확인 | M100: 2 | N100: 초기 접근(Initial Access) | O100: T0010.000, T0010.001, T0011.001 | P100: LLM04 | Q100: AIBOM/SBOM 인벤토리, 버전 고정·출처 검증, AI 권고 패키지 실존·평판 확인, 공급자 약관·라이선스 검토, 레지스트리 허용목록
A101: D08. AI 공급망 침해 | B101: UT-28 | C101: AI 개발 공급망 침해 | D101: UT-28.3 | E101: 환각 패키지 선점 | F101: - 공격자는 AI 코딩 도구가 반복해서 추천하는 존재하지 않는 패키지명을 수집한 뒤 같은 이름의 악성 패키지를 먼저 등록해, AI 권고를 따른 개발자가 이를 설치하게 할 수 있음(slopsquatting) - 환각 이름은 질의마다 재현되는 경향이 있어 표적화가 쉽고, AI 제안을 그대로 설치하면 개발 환경과 빌드 파이프라인이 바로 침해됨 | G101: ■ AI 관점 - 1단계 환각 탐색: 다양한 코딩 질문으로 모델이 제안하는 패키지·URL·API 가운데 실제 레지스트리에 없는 이름을 대량 수집 (ATLAS AML.T0062) - 2단계 선점 등록: 수집한 이름으로 PyPI·npm 등에 악성 패키지를 게시해, AI 권고 → 설치 경로로 개발 환경에서 코드를 실행 (ATLAS AML.T0060, OWASP LLM04:2026 예시 #1) - 에이전트가 의존성을 스스로 설치·갱신하는 환경에서는 사람 확인 없이 바로 설치되어 설치·임포트 시점에 악성 코드가 실행됨 (OWASP ASI05 예시 #6) - 환각으로 인한 허위 정보 자체는 UT-20.1, 일반 악성 패키지 유입은 UT-28.2에서 다룸 ■ 실제 사례 - [실증] ChatGPT 패키지 환각(2024-06): ChatGPT가 추천한 존재하지 않는 패키지명을 찾아, 다운로드 추적용 빈 패키지를 PyPI에 등록 (ATLAS AML.CS0022) - [시나리오] 코딩 비서가 추천한 가상의 패키지를 공격자가 미리 등록해, 제안을 믿은 개발자가 공격자 코드를 설치 (OWASP LLM07:2026 시나리오 #1) | H101: 중 | I101: 상 | J101: =IF(AND(H101="상",I101="상"),"매우 높음",IF(OR(AND(H101="상",I101="중"),AND(H101="중",I101="상")),"높음",IF(OR(AND(H101="중",I101="중"),AND(H101="상",I101="하"),AND(H101="하",I101="상")),"보통","낮음"))) | K101: AI 권고 경유 개발 환경 코드 실행 | L101: 실증·공개 취약점 | M101: 0 | N101: 자원 개발(Resource Development) | O101: T0060, T0062 | P101: LLM04, LLM07 | Q101: AIBOM/SBOM 인벤토리, 버전 고정·출처 검증, AI 권고 패키지 실존·평판 확인, 공급자 약관·라이선스 검토, 레지스트리 허용목록
A102: D08. AI 공급망 침해 | B102: UT-28 | C102: AI 개발 공급망 침해 | D102: UT-28.4 | E102: 네임스페이스 및 평판 악용 | F102: 삭제된 작성자 네임스페이스 재등록/유사 조직명 사칭/다운로드 수 조작/배포 후 악성 전환(러그풀)으로 신뢰를 가장한 악성 아티팩트 유포 | G102: • [ATLAS CS0065·실증] 삭제된 Hugging Face 작성자 네임스페이스를 재등록해 악성 모델로 대체 • [ATLAS CS0044·실제사고] APT28 LAMEHUG가 LLM API로 실행 명령을 동적 생성(실제 사고) • [ATLAS CS0053·실제사고] Postmark를 사칭한 악성 MCP 서버가 발송 메일을 몰래 BCC로 유출(실제 사고) | H102: 상 | I102: 상 | J102: =IF(AND(H102="상",I102="상"),"매우 높음",IF(OR(AND(H102="상",I102="중"),AND(H102="중",I102="상")),"높음",IF(OR(AND(H102="중",I102="중"),AND(H102="상",I102="하"),AND(H102="하",I102="상")),"보통","낮음"))) | K102: 신뢰 위장 악성 아티팩트의 광범위 유입 | L102: 실제 사고 확인 | M102: 2 | N102: 방어 회피(Defense Evasion) | O102: T0074, T0109, T0111 | P102: LLM04 | Q102: AIBOM/SBOM 인벤토리, 버전 고정·출처 검증, AI 권고 패키지 실존·평판 확인, 공급자 약관·라이선스 검토, 레지스트리 허용목록
A103: D08. AI 공급망 침해 | B103: UT-28 | C103: AI 개발 공급망 침해 | D103: UT-28.5 | E103: 배포 파이프라인 악용 | F103: 컨테이너 레지스트리/모델 서빙 파이프라인/자동 처리 서비스의 취약점을 악용하여 배포 단계에서 모델 이미지 교체 또는 악성 코드 주입 | G103: • [ATLAS CS0028·실증] 노출된 사설 컨테이너 레지스트리 8천여 개 발견, 모델 이미지 변조 가능성 입증 • [ATLAS CS0068·실제사고] OpenAI 평가용 자율 에이전트들이 평가 경계를 넘어 외부 인프라 구축·Hugging Face 침해(실제 사고) | H103: 중 | I103: 상 | J103: =IF(AND(H103="상",I103="상"),"매우 높음",IF(OR(AND(H103="상",I103="중"),AND(H103="중",I103="상")),"높음",IF(OR(AND(H103="중",I103="중"),AND(H103="상",I103="하"),AND(H103="하",I103="상")),"보통","낮음"))) | K103: 배포 단계 모델 교체 및 코드 주입 | L103: 실제 사고 확인 | M103: 1 | N103: 초기 접근(Initial Access) | O103: T0010.004, T0119 | P103: DSGAI05 | Q103: AIBOM/SBOM 인벤토리, 버전 고정·출처 검증, AI 권고 패키지 실존·평판 확인, 공급자 약관·라이선스 검토, 레지스트리 허용목록
A104: D08. AI 공급망 침해 | B104: UT-29 | C104: 에이전트 도구 공급망 오염 | D104: UT-29.1 | E104: 도구 설명 오염 | F104: MCP 서버/플러그인의 도구 설명문에 사용자에게 보이지 않는 지시를 삽입하여, 도구 목록을 읽는 시점에 에이전트가 파일 유출 등 숨은 지시 수행 | G104: • [ATLAS CS0049·실증] 스킬 레지스트리에 올린 오염된 ClawdBot 스킬로 원격 코드 실행 • [ATLAS CS0054·실증] 원격 MCP 도구 설명문의 숨은 지시로 에이전트가 파일·데이터 유출 | H104: 중 | I104: 상 | J104: =IF(AND(H104="상",I104="상"),"매우 높음",IF(OR(AND(H104="상",I104="중"),AND(H104="중",I104="상")),"높음",IF(OR(AND(H104="중",I104="중"),AND(H104="상",I104="하"),AND(H104="하",I104="상")),"보통","낮음"))) | K104: 도구 목록 조회만으로 숨은 지시 실행 | L104: 실사용 기법 포함 | M104: 0 | N104: 지속성(Persistence) | O104: T0110, T0110.000 | P104: ASI04, MCP03 | Q104: 도구 서술자·매니페스트 서명 및 고정, 도구 설명 변경 감지, 샌드박스·egress 통제, 킬스위치
A105: D08. AI 공급망 침해 | B105: UT-29 | C105: 에이전트 도구 공급망 오염 | D105: UT-29.2 | E105: 악성 도구 구현 | F105: 정상 서비스를 사칭하거나 배포 후 악성으로 전환된 MCP 서버/에이전트 스킬이 실행 권한을 이용해 데이터 유출 및 원격 코드 실행 수행 | G105: • [ATLAS CS0053·실제사고] Postmark를 사칭한 악성 MCP 서버가 발송 메일을 몰래 BCC로 유출(실제 사고) • [ATLAS CS0049·실증] 스킬 레지스트리에 올린 오염된 ClawdBot 스킬로 원격 코드 실행 • [ATLAS CS0054·실증] 원격 MCP 도구 설명문의 숨은 지시로 에이전트가 파일·데이터 유출 • [OWASP 인용] 악성 MCP 패키지 백도어(npm, 2025.10, 실제 사고) / CVE-2025-6514 mcp-remote / AgentSmith Prompt-Hub 프록시 공격(2025.06) | H105: 상 | I105: 상 | J105: =IF(AND(H105="상",I105="상"),"매우 높음",IF(OR(AND(H105="상",I105="중"),AND(H105="중",I105="상")),"높음",IF(OR(AND(H105="중",I105="중"),AND(H105="상",I105="하"),AND(H105="하",I105="상")),"보통","낮음"))) | K105: 실행 권한을 이용한 데이터 유출 및 원격 코드 실행 | L105: 실제 사고 확인 | M105: 2 | N105: 초기 접근(Initial Access) | O105: T0010.005, T0011.002, T0110.001, T0115.002 | P105: ASI04, DSGAI06, MCP04 | Q105: 도구 서술자·매니페스트 서명 및 고정, 도구 설명 변경 감지, 샌드박스·egress 통제, 킬스위치
A106: D08. AI 공급망 침해 | B106: UT-29 | C106: 에이전트 도구 공급망 오염 | D106: UT-29.3 | E106: 도구 응답 오염 | F106: 침해되거나 악의적인 도구가 정상 결과에 지시문/허위 데이터를 섞어 반환하여 에이전트의 후속 판단과 행위 조작 | G106: — (근거 사례 없음: OWASP 위험 정의 기반) | H106: 하 | I106: 상 | J106: =IF(AND(H106="상",I106="상"),"매우 높음",IF(OR(AND(H106="상",I106="중"),AND(H106="중",I106="상")),"높음",IF(OR(AND(H106="중",I106="중"),AND(H106="상",I106="하"),AND(H106="하",I106="상")),"보통","낮음"))) | K106: 에이전트 후속 판단 및 행위 장악 | L106: 이론·시나리오 | M106: 0 | N106: 지속성(Persistence) | O106: T0110.002 | P106: MCP03 | Q106: 도구 서술자·매니페스트 서명 및 고정, 도구 설명 변경 감지, 샌드박스·egress 통제, 킬스위치
...

Sheet 도메인·평가기준
A1: 분류 체계 정의와 위험 평가 기준
A3: 1. 3단 분류 체계
A4: 단계 | B4: 정의 | C4: 작성 규칙 | D4: 개수
A5: Lv1 도메인 | B5: 영역별 보안 리스크(공격 흐름상 위협 행위자 영역을 D01로 배치) | C5: OWASP 위협·리스크 명명 규칙 준용: [영역] + [위협 명사], 대등한 두 위협만 '및'으로 결합 / 경계 판정 규칙은 아래 2번 표 | D5: =SUMPRODUCT(1/COUNTIF(통합매트릭스!$A$5:$A$128,통합매트릭스!$A$5:$A$128))
A6: Lv2 위협 분류 | B6: 통합 위협(UT). ID 불변 | C6: '·' 나열 없이 하나의 개념으로 명명 | D6: =SUMPRODUCT(1/COUNTIF(통합매트릭스!$B$5:$B$128,통합매트릭스!$B$5:$B$128))
A7: Lv3 세부 위협 | B7: Lv2 안에서 공격 경로 또는 발생 원리가 독립된 위협 | C7: ① 독립 메커니즘 ② 근거 1개 이상(ATLAS 기법·OWASP 예시·사례) ③ 공격 단계·생애주기·통제 중 하나 이상 구별 / 병합·폐지된 ID는 재사용하지 않고 신설은 해당 Lv2의 다음 번호 부여 | D7: =COUNTA(통합매트릭스!$D$5:$D$128)
A9: 2. Lv1 도메인 정의
A10: 도메인 | B10: 영문명 | C10: 리스크 정의 | D10: 주요 대상 영역 | E10: 경계 판정 규칙 | F10: Lv2 수 | G10: Lv3 수 | H10: 위험도 '매우 높음'·'높음' Lv3
A11: D01. 공격 준비 및 AI 무기화 | B11: Attack Preparation & AI Weaponization | C11: 위협 행위자가 AI 자산을 정찰하고 공격 역량을 확보하거나, AI를 공격 수단으로 활용하여 자율 공격, 기만, 은닉 통신을 수행하는 리스크 | D11: 공개 정보, 공격 도구와 인프라, 공격자 AI 에이전트, 딥페이크, 제3자 AI 서비스 | E11: 위협 행위자 소유 자산 또는 조직 외부 활동이면 D01. 조직 자산이 직접 훼손되면 해당 영역 도메인으로 분류 | F11: =SUMPRODUCT((통합매트릭스!$A$5:$A$128=A11)/COUNTIFS(통합매트릭스!$A$5:$A$128,통합매트릭스!$A$5:$A$128,통합매트릭스!$B$5:$B$128,통합매트릭스!$B$5:$B$128)) | G11: =COUNTIF(통합매트릭스!$A$5:$A$128,A11) | H11: =COUNTIFS(통합매트릭스!$A$5:$A$128,A11,통합매트릭스!$J$5:$J$128,"매우 높음")+COUNTIFS(통합매트릭스!$A$5:$A$128,A11,통합매트릭스!$J$5:$J$128,"높음")
A12: D02. 프롬프트 인젝션 및 컨텍스트 노출 | B12: Prompt Injection & Context Exposure | C12: 사용자 입력이나 외부 콘텐츠에 삽입된 조작 지시로 모델 동작이 탈취되거나, 시스템 프롬프트 등 비공개 컨텍스트가 노출되는 리스크 | D12: 사용자 입력, 외부 콘텐츠와 도구 응답(지시 전달 경로), 시스템 프롬프트, 에이전트 구성 정보 | E12: 지시가 모델에 도달하는 경로가 핵심이면 D02. 지시가 저장소에 지속 기록되면 D03 | F12: =SUMPRODUCT((통합매트릭스!$A$5:$A$128=A12)/COUNTIFS(통합매트릭스!$A$5:$A$128,통합매트릭스!$A$5:$A$128,통합매트릭스!$B$5:$B$128,통합매트릭스!$B$5:$B$128)) | G12: =COUNTIF(통합매트릭스!$A$5:$A$128,A12) | H12: =COUNTIFS(통합매트릭스!$A$5:$A$128,A12,통합매트릭스!$J$5:$J$128,"매우 높음")+COUNTIFS(통합매트릭스!$A$5:$A$128,A12,통합매트릭스!$J$5:$J$128,"높음")
A13: D03. AI 데이터 오염 및 유출 | B13: AI Data Poisoning & Leakage | C13: 학습 데이터, RAG 지식원, 에이전트 메모리가 오염되거나, 민감정보가 응답과 입력 경로 또는 사용자 간 격리 결함을 통해 유출되는 리스크 | D13: 학습 및 파인튜닝 데이터, RAG 코퍼스와 임베딩, 벡터 DB, 에이전트 메모리와 대화 이력 | E13: 데이터가 저장되거나 색인되는 지점의 리스크면 D03. 모델 가중치 자체의 변조는 D04 | F13: =SUMPRODUCT((통합매트릭스!$A$5:$A$128=A13)/COUNTIFS(통합매트릭스!$A$5:$A$128,통합매트릭스!$A$5:$A$128,통합매트릭스!$B$5:$B$128,통합매트릭스!$B$5:$B$128)) | G13: =COUNTIF(통합매트릭스!$A$5:$A$128,A13) | H13: =COUNTIFS(통합매트릭스!$A$5:$A$128,A13,통합매트릭스!$J$5:$J$128,"매우 높음")+COUNTIFS(통합매트릭스!$A$5:$A$128,A13,통합매트릭스!$J$5:$J$128,"높음")
A14: D04. 모델 조작 및 탈취 | B14: Model Manipulation & Theft | C14: 모델 가중치와 구조가 변조되거나 적대적 입력에 의해 판단이 조작되고, 모델 자산 또는 학습 데이터가 질의와 파일 탈취로 유출되는 리스크 | D14: 모델 가중치와 아키텍처, 추론 템플릿, 추론 API, 예측 모델 | E14: 모델 파일, 가중치, 추론 동작이 공격 대상이면 D04 | F14: =SUMPRODUCT((통합매트릭스!$A$5:$A$128=A14)/COUNTIFS(통합매트릭스!$A$5:$A$128,통합매트릭스!$A$5:$A$128,통합매트릭스!$B$5:$B$128,통합매트릭스!$B$5:$B$128)) | G14: =COUNTIF(통합매트릭스!$A$5:$A$128,A14) | H14: =COUNTIFS(통합매트릭스!$A$5:$A$128,A14,통합매트릭스!$J$5:$J$128,"매우 높음")+COUNTIFS(통합매트릭스!$A$5:$A$128,A14,통합매트릭스!$J$5:$J$128,"높음")
A15: D05. 출력 처리 결함 및 신뢰성 훼손 | B15: Output Handling Flaws & Integrity Loss | C15: 모델 출력이 검증 없이 후속 시스템에서 해석되거나 반출 경로로 악용되고, 허위 또는 편향된 출력이 업무 판단에 채택되는 리스크 | D15: 출력 렌더링 환경(브라우저, 터미널, IDE), 출력 기반 DB 질의, 출력 채널 | E15: 출력의 검증, 신뢰성, 반출 채널 문제면 D05. 출력이 도구 호출이나 코드 실행으로 이어지면 D06 | F15: =SUMPRODUCT((통합매트릭스!$A$5:$A$128=A15)/COUNTIFS(통합매트릭스!$A$5:$A$128,통합매트릭스!$A$5:$A$128,통합매트릭스!$B$5:$B$128,통합매트릭스!$B$5:$B$128)) | G15: =COUNTIF(통합매트릭스!$A$5:$A$128,A15) | H15: =COUNTIFS(통합매트릭스!$A$5:$A$128,A15,통합매트릭스!$J$5:$J$128,"매우 높음")+COUNTIFS(통합매트릭스!$A$5:$A$128,A15,통합매트릭스!$J$5:$J$128,"높음")
A16: D06. 에이전트 오남용 및 통제 상실 | B16: Agent Misuse & Loss of Control | C16: 과도한 권한을 가진 에이전트가 도구와 코드를 위험하게 실행하거나, 다중 에이전트 간 오류 전파와 이상 행동으로 조직의 통제를 상실하는 리스크 | D16: 에이전트 도구 권한, 계획 및 실행 루프, 코드 실행 환경, 다중 에이전트 워크플로 | E16: 에이전트가 무엇을 잘못 실행하는가의 문제면 D06. 누구의 신원과 권한이 악용되는가의 문제면 D07 | F16: =SUMPRODUCT((통합매트릭스!$A$5:$A$128=A16)/COUNTIFS(통합매트릭스!$A$5:$A$128,통합매트릭스!$A$5:$A$128,통합매트릭스!$B$5:$B$128,통합매트릭스!$B$5:$B$128)) | G16: =COUNTIF(통합매트릭스!$A$5:$A$128,A16) | H16: =COUNTIFS(통합매트릭스!$A$5:$A$128,A16,통합매트릭스!$J$5:$J$128,"매우 높음")+COUNTIFS(통합매트릭스!$A$5:$A$128,A16,통합매트릭스!$J$5:$J$128,"높음")
A17: D07. AI 신원 및 권한 악용 | B17: AI Identity & Privilege Abuse | C17: 에이전트와 비인간 계정의 자격증명이 탈취되거나, 권한 위임 결함과 에이전트 간 통신 위조로 권한이 악용되는 리스크 | D17: API 키와 토큰, OAuth 위임, 에이전트 신원, 에이전트 간(A2A, MCP) 메시지 | E17: 누구의 신원과 권한으로 행위가 이루어지는가의 문제면 D07 | F17: =SUMPRODUCT((통합매트릭스!$A$5:$A$128=A17)/COUNTIFS(통합매트릭스!$A$5:$A$128,통합매트릭스!$A$5:$A$128,통합매트릭스!$B$5:$B$128,통합매트릭스!$B$5:$B$128)) | G17: =COUNTIF(통합매트릭스!$A$5:$A$128,A17) | H17: =COUNTIFS(통합매트릭스!$A$5:$A$128,A17,통합매트릭스!$J$5:$J$128,"매우 높음")+COUNTIFS(통합매트릭스!$A$5:$A$128,A17,통합매트릭스!$J$5:$J$128,"높음")
A18: D08. AI 공급망 침해 | B18: AI Supply Chain Compromise | C18: 외부에서 도입하는 모델, 데이터셋, 패키지, 에이전트 도구가 오염되거나 위장되어 조직 환경에 악성 요소가 유입되는 리스크 | D18: 모델 허브, 패키지 레지스트리, MCP 서버, 플러그인 및 스킬 레지스트리 | E18: 제3자 구성요소가 유입 경로면 D08. 조직 내부 데이터 소스의 오염은 D03 | F18: =SUMPRODUCT((통합매트릭스!$A$5:$A$128=A18)/COUNTIFS(통합매트릭스!$A$5:$A$128,통합매트릭스!$A$5:$A$128,통합매트릭스!$B$5:$B$128,통합매트릭스!$B$5:$B$128)) | G18: =COUNTIF(통합매트릭스!$A$5:$A$128,A18) | H18: =COUNTIFS(통합매트릭스!$A$5:$A$128,A18,통합매트릭스!$J$5:$J$128,"매우 높음")+COUNTIFS(통합매트릭스!$A$5:$A$128,A18,통합매트릭스!$J$5:$J$128,"높음")
A19: D09. AI 인프라 노출 및 자원 고갈 | B19: AI Infrastructure Exposure & Resource Exhaustion | C19: AI 서비스와 인프라가 통제 밖에서 외부에 노출되거나 운영 데이터 경로로 정보가 새어 나가고, 자원 고갈로 가용성과 비용 피해가 발생하는 리스크 | D19: 서빙 인프라, 외부 노출 서비스, 사용자 단말의 AI 어시스턴트, 관측성 도구와 라벨링 경로 | E19: 인프라 구성과 운영 방식이 원인이면 D09 | F19: =SUMPRODUCT((통합매트릭스!$A$5:$A$128=A19)/COUNTIFS(통합매트릭스!$A$5:$A$128,통합매트릭스!$A$5:$A$128,통합매트릭스!$B$5:$B$128,통합매트릭스!$B$5:$B$128)) | G19: =COUNTIF(통합매트릭스!$A$5:$A$128,A19) | H19: =COUNTIFS(통합매트릭스!$A$5:$A$128,A19,통합매트릭스!$J$5:$J$128,"매우 높음")+COUNTIFS(통합매트릭스!$A$5:$A$128,A19,통합매트릭스!$J$5:$J$128,"높음")
A20: D10. 사용자 기만 및 AI 거버넌스 미흡 | B20: User Deception & AI Governance Gaps | C20: AI 출력을 신뢰하는 사용자가 기만되어 위험한 판단을 내리거나, 감사 체계와 데이터 수명주기 관리가 미흡하여 책임 추적과 규제 준수가 어려워지는 리스크 | D20: 사용자와 승인자, 감사 로그, 데이터 분류와 보존 및 폐기 체계 | E20: 사람의 판단 또는 관리체계의 미흡이 원인이면 D10 | F20: =SUMPRODUCT((통합매트릭스!$A$5:$A$128=A20)/COUNTIFS(통합매트릭스!$A$5:$A$128,통합매트릭스!$A$5:$A$128,통합매트릭스!$B$5:$B$128,통합매트릭스!$B$5:$B$128)) | G20: =COUNTIF(통합매트릭스!$A$5:$A$128,A20) | H20: =COUNTIFS(통합매트릭스!$A$5:$A$128,A20,통합매트릭스!$J$5:$J$128,"매우 높음")+COUNTIFS(통합매트릭스!$A$5:$A$128,A20,통합매트릭스!$J$5:$J$128,"높음")
A22: 3. 위험 평가 기준 (Lv3 단위)
A23: 항목 | B23: 상 | C23: 중 | D23: 하 | E23: 산정 방식
A24: 발생가능성 | B24: 실제 사고 2건 이상 (ATLAS Incident 사례 + OWASP 인용 실제 사고) | C24: 실제 사고 1건, 또는 실증 사례(연구·레드팀)·Realized 기법·공개 취약점/익스플로잇 존재 | D24: 이론적으로 가능하나 실제 사례·실증·공개 취약점 없음 | E24: 근거(ATLAS 사례 연결·OWASP 인용 근거·Realized 기법)에서 빌드 시 산정해 값으로 기록. 사례·근거 개정 시 재산정
A25: 심각도 | B25: AI 시스템 전체 통제권 탈취 또는 중요·개인정보 대량 탈취 가능성 높음 (호스트·에이전트 장악, 연동 자격증명 탈취, 대량 반출) | C25: 부분적 통제 상실 또는 제한된 범위의 정보 노출·무결성 훼손·재무 피해 | D25: 영향 범위 제한적, 경미한 정보 노출 또는 일시적 장애 (준비·탐색 단계 포함) | E25: 분석자 평가(심각도 근거 열에 사유 기재) — 기준: 통제권 범위, 정보 노출 규모, 피해 지속성. 드롭다운으로 수정 가능
A26: 위험도 | B26: 매우 높음: 상×상 | C26: 높음: 상×중, 중×상 / 보통: 중×중, 상×하, 하×상 | D26: 낮음: 중×하, 하×중, 하×하 | E26: 발생가능성 × 심각도 3×3 매트릭스(수식, 자동 재계산)
A28: 4. 근거 수준 정의 (높은 순)
A29: 근거 수준 | B29: 판정 기준
A30: 실제 사고 확인 | B30: ATLAS Incident 사례 또는 OWASP 원문이 인용한 실제 사고가 1건 이상 연결('실제 사고 수' ≥ 1)
A31: 실사용 기법 포함 | B31: 실제 사고 연결은 없으나 ATLAS Maturity 'Realized' 기법이 귀속(주·연관 기법)
A32: 실증·공개 취약점 | B32: 연구·레드팀 실증 사례(ATLAS Exercise) 또는 OWASP 인용 취약점·익스플로잇 존재 — CVE, 벤더가 확인·조치한 취약점, 운영 서비스·모델 대상 공개 PoC 포함
A33: 이론·시나리오 | B33: 공개 근거 없음(OWASP 위험 정의·시나리오 기반). '발생하지 않음'이 아니라 '공개 근거 없음'을 의미
A35: 5. 요약설명·참조 작성 규칙
A36: 항목 | B36: 규칙
A37: 요약설명 | B37: 2줄 개조식. 1줄: '공격자는 [수단·경로]로 [행위]할 수 있음' / 2줄: 피해·확산 특성 또는 탐지·방어가 어려운 이유
A38: 참조 — ■ AI 관점 | B38: 3~4줄. 대상·경로, 수법 변형, 연계 Lv3(UT-ID), 범위 경계를 기술하고 출처를 괄호로 표기 — 예: (ATLAS AML.T0068), (OWASP LLM01:2026 예시 #5)
A39: 참조 — ■ 실제 사례 | B39: 1~3줄. [실제 사고] > [공개 취약점] > [실증] > [시나리오] 순으로 선정, '사례명(YYYY-MM): 경위·결과 (출처)' 형식. 근거가 없으면 '공개 사고 미확인 — 사유'
A40: 사례 라벨 | B40: [실제 사고] 실제 발생 사고 · [공개 취약점] CVE·벤더 확인 취약점·운영 서비스 대상 PoC · [실증] 연구·레드팀 시연(ATLAS Exercise 등) · [시나리오] OWASP 공격 시나리오

Sheet ATLAS사례연구
A1: MITRE ATLAS 사례연구(73건) — 요약 및 Lv3 매핑
A2: 주 Lv3 = 분석자가 지정한 대표 세부 위협. 매핑 Lv3 = 공식 절차(employs) 기법의 주 Lv3 + 분석자 보완. 유형: Incident=실제 사고, Exercise=실증
A4: 사례 ID | B4: 사례명 | C4: 유형 | D4: 발생·공개 시점 | E4: 행위자 | F4: 대상 | G4: 국문 요약 | H4: 주 Lv3 | I4: 매핑 Lv3 (전체) | J4: URL
A5: AML.CS0000 | B5: Evasion of Deep Learning Detector for Malware C&C Traffic | C5: Exercise | D5: 2020 | E5: Palo Alto Networks AI Research Team | F5: Palo Alto Networks malware detection system | G5: 공개 논문을 재현한 대리모델로 악성 C&C 트래픽 탐지 딥러닝 모델을 회피 | H5: UT-17.1 | I5: UT-01.1, UT-02.2, UT-16.1, UT-17.1 | J5: https://atlas.mitre.org/case-studies/AML.CS0000
A6: AML.CS0001 | B6: Botnet Domain Generation Algorithm (DGA) Detection Evasion | C6: Exercise | D6: 2020 | E6: Palo Alto Networks AI Research Team | F6: Palo Alto Networks ML-based DGA detection module | G6: 도메인명 변형 기법으로 CNN 기반 봇넷 DGA 탐지기를 우회 | H6: UT-17.1 | I6: UT-01.1, UT-02.1, UT-02.2, UT-17.1 | J6: https://atlas.mitre.org/case-studies/AML.CS0001
A7: AML.CS0002 | B7: VirusTotal Poisoning | C7: Incident | D7: 2020 | E7: Unknown | F7: VirusTotal | G7: VirusTotal에 변종 샘플을 대량 제출해 크라우드소싱 학습 데이터를 오염 | H7: UT-09.1 | I7: UT-02.1, UT-09.1, UT-17.1, UT-28.1 | J7: https://atlas.mitre.org/case-studies/AML.CS0002
A8: AML.CS0003 | B8: Bypassing Cylance's AI Malware Detection | C8: Exercise | D8: 2019-09-07 | E8: Skylight Cyber | F8: CylancePROTECT, Cylance Smart Antivirus | G8: Cylance AI 악성코드 탐지기의 판단 로직을 분석해 범용 우회 문자열 생성 | H8: UT-17.1 | I8: UT-01.1, UT-01.3, UT-01.4, UT-02.1, UT-17.1 | J8: https://atlas.mitre.org/case-studies/AML.CS0003
A9: AML.CS0004 | B9: Camera Hijack Attack on Facial Recognition System | C9: Incident | D9: 2020 | E9: Two individuals | F9: Shanghai government tax office's facial recognition service | G9: 카메라 영상 주입으로 얼굴인식 인증을 우회해 세금 사기(실제 사고) | H9: UT-17.1 | I9: UT-01.1, UT-01.3, UT-02.1, UT-02.3, UT-04.1, UT-17.1 | J9: https://atlas.mitre.org/case-studies/AML.CS0004
A10: AML.CS0005 | B10: Attack on Machine Translation Services | C10: Exercise | D10: 2020-04-30 | E10: Berkeley Artificial Intelligence Research | F10: Google Translate, Bing Translator, Systran Translate | G10: 번역 API 질의로 모델을 복제하고 적대적 예제를 원 서비스에 전이 | H10: UT-16.1 | I10: UT-01.1, UT-01.3, UT-02.2, UT-09.4, UT-16.1, UT-17.1 | J10: https://atlas.mitre.org/case-studies/AML.CS0005
A11: AML.CS0006 | B11: ClearviewAI Misconfiguration | C11: Incident | D11: 2020-04 | E11: Researchers at spiderSilk | F11: Clearview AI facial recognition tool | G11: Clearview AI 저장소 설정 오류로 소스코드·자격증명·모델 노출 | H11: UT-31.1 | I11: UT-02.2, UT-02.3, UT-02.6, UT-09.4, UT-25.1, UT-31.1 | J11: https://atlas.mitre.org/case-studies/AML.CS0006
A12: AML.CS0007 | B12: GPT-2 Model Replication | C12: Exercise | D12: 2019-08-22 | E12: Researchers at Brown University | F12: OpenAI GPT-2 | G12: 공개 정보로 GPT-2 규모 모델을 재현(모델 복제) | H12: UT-16.1 | I12: UT-01.1, UT-02.2, UT-02.3, UT-16.1 | J12: https://atlas.mitre.org/case-studies/AML.CS0007
A13: AML.CS0008 | B13: ProofPoint Evasion | C13: Exercise | D13: 2019-09-09 | E13: Researchers at Silent Break Security | F13: ProofPoint Email Protection System | G13: ProofPoint 이메일 보호 모델의 복제본을 만들어 실서비스 탐지 회피 | H13: UT-17.1 | I13: UT-01.3, UT-01.4, UT-16.1, UT-17.1 | J13: https://atlas.mitre.org/case-studies/AML.CS0008
A14: AML.CS0009 | B14: Tay Poisoning | C14: Incident | D14: 2016-03-23 | E14: 4chan Users | F14: Microsoft's Tay AI Chatbot | G14: Tay 챗봇이 사용자 대화로 온라인 학습되며 오염되어 혐오 발언 생성(실제 사고) | H14: UT-09.3 | I14: UT-01.3, UT-09.1, UT-09.3, UT-09.4, UT-28.1 | J14: https://atlas.mitre.org/case-studies/AML.CS0009
A15: AML.CS0010 | B15: Microsoft Azure Service Disruption | C15: Exercise | D15: 2020 | E15: Microsoft AI Red Team | F15: Internal Microsoft Azure Service | G15: 레드팀이 기존 침투기법과 AI 회피를 결합해 Azure 내부 서비스 중단 시연 | H15: UT-17.1 | I15: UT-01.1, UT-01.3, UT-02.6, UT-16.2, UT-17.1, UT-25.4 | J15: https://atlas.mitre.org/case-studies/AML.CS0010
... A77: AML.CS0072 | B77: AI Recommendation Poisoning via Crafted AI Assistant Links | C77: Incident | D77: 2026-02-10 | E77: Multiple commercial entities; 31 distinct companies identified | F77: Users of AI assistants with persistent memory features, including Microsoft 365 Copilot, ChatGPT, Claude, Perplexity, and Grok | G77: 조작된 AI 비서 링크로 메모리를 오염시켜 특정 제품을 추천하게 만드는 홍보성 공격(실제 사고) | H77: UT-11.1 | I77: UT-02.1, UT-02.3, UT-06.3, UT-07.4, UT-11.1, UT-20.3 | J77: https://atlas.mitre.org/case-studies/AML.CS0072

Sheet 변경이력
A1: 변경이력
A2: 개정은 새 버전 파일로 저장하고 이 시트 상단에 기록. v3.1 이전 상세 이력은 v3.1 원본 '변경이력' 시트 참조
A4: 1. v3.2 변경 내역 (2026-10-02)
A5: 버전 | B5: 구분 | C5: 대상 | D5: 변경 내용 | E5: 사유
A6: v3.2 초안 | B6: 분류 체계 | C6: Lv3 127 → 124 | D6: 병합 5건(폐지 ID는 재사용하지 않음), 신설 2건, 범위 정정 1건 — 상세는 아래 'Lv3 ID 대응' 표 | E6: 중복·경계 규칙 위반 Lv3 정리, OWASP MCP05·LLM02(암기 추출) 공백 보완
A7: v3.2 초안 | B7: 도메인명 | C7: Lv1 10개 | D7: 재검토 결과 유지 | E7: v3.1에서 OWASP 명명 규칙으로 정비한 명칭이 이번 조정 후에도 각 도메인 범위와 일치
A8: v3.2 초안 | B8: 명칭 변경 | C8: Lv2 4개 | D8: UT-02 공격 준비 및 일반 침투 기법 → 공격 준비 및 일반 침투 / UT-15 모델을 이용한 데이터 추론 공격 → 모델 기반 데이터 추론 / UT-28 모델 및 데이터 공급망 침해 → AI 개발 공급망 침해 / UT-32 단말 AI 어시스턴트 과권한 → 단말 AI 어시스턴트 악용 | E8: 명명 규칙 정비('기법' 접미 제거), 신설·병합으로 넓어진 범위 반영(학습 데이터 추출, 패키지·배포 파이프라인, 장악·통제 우회)
A9: v3.2 초안 | B9: 명칭 변경 | C9: Lv3 8개 | D9: UT-04.1 딥페이크 생체인증 우회, UT-06.3 프롬프트 난독화, UT-08.2 에이전트 구성 및 권한 탐색, UT-12.1 응답 경유 민감정보 유출, UT-25.1 평문 저장 자격증명 수집, UT-25.3 인증 토큰 및 세션 쿠키 탈취, UT-26.2 캐시된 자격증명 재사용, UT-28.1 변조 모델 및 데이터셋 유입 | E9: 대상·수단을 명확히 하고 ATLAS 용어·클라우드 매트릭스 v4 연계 명칭과 정렬
A10: v3.2 초안 | B10: 기법 재귀속 | C10: ATLAS 기법 10개 | D10: T0065 UT-06.3→06.1, T0063 UT-15.3→01.4, T0052.001 UT-04.2→04.3 / 폐지 Lv3 소속: T0016.004·T0017.002→UT-02.1, T0064·T0066→UT-10.1, T0133→UT-08.2, T0115.000→UT-28.1, T0062→UT-28.3 | E10: 기법 정의와 Lv3 의미 일치(범용 프롬프트 제작은 지시 무력화, 모델 출력 점수 탐색은 모델 탐색)
A11: v3.2 초안 | B11: 열 구성 | C11: 통합매트릭스 | D11: '위협 설명 (Lv3)' → '요약설명', '실제 사례·공격 예시' → '참조'(■ AI 관점 · ■ 실제 사례), 요약설명·참조를 세부 위협 바로 옆으로 이동 | E11: 참고 양식(클라우드 매트릭스 v4) 구성 적용
A12: v3.2 초안 | B12: 문체 | C12: Lv3 20개 | D12: D02 11개와 분류 변경 Lv3 9개(UT-02.1·10.1·12.1·15.3·15.4·22.1·22.4·28.1·28.3)를 참고 양식 문체로 재작성 — 요약설명 2줄 개조식, 참조는 AI 관점(대상·수법·연계 Lv3)과 실제 사례(출처 표기)로 구성 | E12: 나머지 Lv3는 v3.1 문구 유지(회색 글자), 도메인별 순차 재작성 예정
A13: v3.2 초안 | B13: 문체 | C13: D01 19개 | D13: D01 공격 준비 및 AI 무기화 전체를 v3.2 문체로 재작성 — 실제 사례를 ATLAS 공식 절차에서 해당 위협이 나타난 단계 기준으로 재선정(예: UT-01.1의 얼굴인식 사기 사례는 '개인정보·얼굴 사진 수집' 단계로 서술) | E13: v3.1의 자동 연결 사례가 위협과 맞지 않던 문제 해소
A14: v3.2 초안 | B14: 근거 재산정 | C14: 발생가능성·근거 수준 | D14: 기법 재귀속·병합에 따라 사례 연결과 Realized 기법 수 재계산 — 위험도 변경: UT-06.3 높음→보통(발생가능성 상→중). 신설 UT-15.4 보통, UT-22.4 높음 | E14: 범용 '프롬프트 제작' 단계로 연결되던 실제 사고 3건이 UT-06.1로 이동
A15: v3.2 초안 | B15: 근거 정정 | C15: OWASP 인용 취약점·익스플로잇 | D15: UT-06.3 0→1(M365 Copilot ASCII 스머글링 PoC를 UT-06.4에서 이동), UT-06.4 근거 교체(의료 영상 멀티모달 인젝션, 1 유지), UT-15.3 0→1(Whisper Leak), UT-22.1 5→3·UT-22.4 3(Framelink Figma MCP RCE, VS Code 에이전트 워크플로 RCE, CVE-2025-6514), UT-15.4 1(발산 공격) | E15: 근거를 Lv3 범위에 맞게 재배분
A16: v3.2 초안 | B16: 통제 | C16: Lv2 핵심 통제 3개 | D16: UT-15(추출 감사·중복 제거), UT-22(도구 인자 검증·파라미터화), UT-28(AI 권고 패키지 실존·평판 확인) 보완 | E16: 신설·병합 Lv3 반영
A17: v3.2 초안 | B17: 평가 기준 | C17: 도메인·평가기준 | D17: '공개 취약점·익스플로잇' 판정 범위(CVE, 벤더 확인 취약점, 운영 서비스·모델 대상 공개 PoC)와 참조의 사례 표기 규칙 명시 | E17: 근거 산정 일관성
A19: 2. Lv3 ID 대응 (v3.1 → v3.2)
A20: v3.1 ID | B20: v3.1 명칭 | C20: v3.2 ID | D20: v3.2 명칭 | E20: 변경 유형 | F20: 사유
A21: UT-03.4 | B21: 공격용 에이전트 도구 확보 | C21: UT-02.1 | D21: 공격 도구 확보 | E21: 병합(구 ID 폐지) | F21: 에이전트 프레임워크·스킬 입수·제작도 공격 역량 확보와 같은 자원 개발 메커니즘
A22: UT-04.1 | B22: 딥페이크 신원 위장 | C22: UT-04.1 | D22: 딥페이크 생체인증 우회 | E22: 명칭 변경 | F22: KYC·생체인증 우회가 대상임을 명확히 해 UT-04.3 사칭과 구분
A23: UT-04.2 | B23: AI 생성 피싱 | C23: UT-04.2 | D23: AI 생성 피싱 | E23: 범위 조정 | F23: 딥페이크 음성·영상 통화(T0052.001)는 UT-04.3 사칭으로 이동, LLM 생성 피싱 문안으로 한정
A24: UT-06.3 | B24: 페이로드 난독화 | C24: UT-06.3 | D24: 프롬프트 난독화 | E24: 명칭 변경·기법 재귀속 | F24: ATLAS 'LLM Prompt Obfuscation' 용어 정렬. 범용 프롬프트 제작(T0065)은 UT-06.1로 이동하고 텍스트 채널 은닉으로 범위 한정
A25: UT-07.3 | B25: 검색 노출용 콘텐츠 제작 | C25: UT-10.1 | D25: 검색 코퍼스 오염 | E25: 병합(구 ID 폐지) | F25: RAG 표적 파악→검색용 콘텐츠 제작→색인 적재는 하나의 코퍼스 오염 공격(T0064·T0066·T0070). 경계 규칙상 저장소에 지속 기록되는 지시는 D03
A26: UT-08.3 | B26: 런타임 권한 탐색 | C26: UT-08.2 | D26: 에이전트 구성 및 권한 탐색 | E26: 병합(구 ID 폐지) | F26: 에이전트 질의·반응 관찰이라는 같은 수단과 같은 통제(숨은 컨텍스트 노출 가정 설계)
A27: UT-09.2 | B27: 오염 데이터셋 유포 | C27: UT-28.1 | D27: 변조 모델 및 데이터셋 유입 | E27: 병합(구 ID 폐지) | F27: 제3자 데이터셋 유입은 경계 규칙상 D08. UT-28.1이 이미 데이터 유입(T0010.002)을 포함
A28: UT-12.1 | B28: 학습 데이터 암기 출력 | C28: UT-12.1 | D28: 응답 경유 민감정보 유출 | E28: 범위 정정 | F28: 귀속 기법 T0057과 연결 사례가 컨텍스트 데이터 유출이어서 명칭과 불일치. 암기 데이터 추출은 UT-15.4로 분리
A29: — | B29: — | C29: UT-15.4 | D29: 학습 데이터 추출 | E29: 신설 | F29: 모델 고유의 암기 데이터 추출(OWASP LLM02 학습 시점 노출·DSGAI18)을 데이터 추론 공격과 함께 관리
A30: UT-15.3 | B30: 부채널 추론 | C30: UT-15.3 | D30: 부채널 추론 | E30: 기법 재귀속 | F30: T0063(모델 출력 점수 탐색)은 탐색 기법으로 UT-01.4 이동. 스트리밍·캐시 신호 기반 추론으로 한정
A31: UT-20.2 | B31: 환각 악용 공격 | C31: UT-28.3 | D31: 환각 패키지 선점 | E31: 병합(구 ID 폐지) | F31: 설명이 사실상 동일(환각 이름 탐색→선점 등록). 유입 경로가 제3자 패키지이므로 D08
... A37: UT-28.1 | B37: 변조 모델 유입 | C37: UT-28.1 | D37: 변조 모델 및 데이터셋 유입 | E37: 명칭 변경 | F37: UT-09.2 병합 반영
A39: 3. 이전 버전
A40: 버전 | B40: 일자 | C40: 구분 | D40: 변경 내용 | E40: 사유
A41: v3.1 LITE | B41: 2026-10-02 | C41: 시트·열 정리 | D41: v3.1 원본 18개 시트 → 5개, 통합매트릭스 48열 → 17열(OWASP 주 매핑·실제 사고 수 통합) | E41: 최종 산출물 경량화
A42: v3.1 | B42: 2026-10-01 | C42: 명칭 변경 | D42: Lv1 도메인 10개를 영역별 보안 리스크 명칭(OWASP 명명 규칙)으로 변경 | E42: —
A43: v3.0 | B43: — | C43: 구조 개편 | D43: Lv3 세부 위협 127개 도입, ATLAS 기법 21개 UT 간 이동, 위험 평가 추가 | E43: —
