Workbook

Sheet 개요
A1: 통합 AI 보안위협 매트릭스 (UTM) v3.1 LITE
A2: Lv1 도메인 10 · Lv2 위협 분류 36 · Lv3 세부 위협 127 · 위험 평가(발생가능성×심각도) | 2026-10-02 | v3.1 원본에서 핵심 시트·열만 남긴 경량 최종본
A4: 1. 통합 대상 소스
A5: 소스 | B5: 버전 / 공개일 | C5: 규모 | D5: 관점 | E5: 입수 경로
A6: MITRE ATLAS | B6: v2026.09 (2026-09-15) | C6: 전술 16 · 기법 208 · 완화책 40 · 사례 73 · 절차 665 | D6: 공격자 TTP | E6: 첨부 excel-atlas*.xlsx + ATLAS-2026_09.yaml
A7: OWASP Top 10 for LLM Applications | B7: 2026 (2026-08-04) | C7: 10 | D7: LLM 애플리케이션 위험 | E7: 첨부 원문
A8: OWASP Top 10 for Agentic Applications | B8: 2026 (2025-12-09) | C8: 10 + 사고 추적표 25건 | D8: 에이전트 위험 | E8: 첨부 원문
A9: OWASP GenAI Data Security | B9: 2026 v1.0 (2026-03) | C9: 21 | D9: 데이터 생애주기 위험 | E9: 첨부 원문
A10: OWASP MCP Top 10 (승인된 추가 소스) | B10: 2025 (beta) | C10: 10 | D10: MCP 프로토콜 계층 | E10: github.com/OWASP/www-project-mcp-top-10
A12: 2. 핵심 지표 (수식 연동)
A13: 지표 | B13: 값
A14: Lv1 도메인 / Lv2 위협 분류 / Lv3 세부 위협 | B14: =SUMPRODUCT(1/COUNTIF(통합매트릭스!$A$5:$A$131,통합매트릭스!$A$5:$A$131))&" / "&SUMPRODUCT(1/COUNTIF(통합매트릭스!$B$5:$B$131,통합매트릭스!$B$5:$B$131))&" / "&COUNTA(통합매트릭스!$D$5:$D$131)
A15: 위험도 매우 높음 / 높음 / 보통 / 낮음 | B15: =COUNTIF(통합매트릭스!$I$5:$I$131,"매우 높음")&" / "&COUNTIF(통합매트릭스!$I$5:$I$131,"높음")&" / "&COUNTIF(통합매트릭스!$I$5:$I$131,"보통")&" / "&COUNTIF(통합매트릭스!$I$5:$I$131,"낮음")
A16: 근거 수준 실제 사고 확인 / 실사용 기법 포함 / 실증·공개 취약점 / 이론·시나리오 | B16: =COUNTIF(통합매트릭스!$K$5:$K$131,"실제 사고 확인")&" / "&COUNTIF(통합매트릭스!$K$5:$K$131,"실사용 기법 포함")&" / "&COUNTIF(통합매트릭스!$K$5:$K$131,"실증·공개 취약점")&" / "&COUNTIF(통합매트릭스!$K$5:$K$131,"이론·시나리오")
A17: 실제 사고가 1건 이상 연결된 Lv3 | B17: =COUNTIF(통합매트릭스!$L$5:$L$131,">0")
A19: 3. 위험 매트릭스 (Lv3 수)
A20: 발생가능성 \ 심각도 | B20: 상 | C20: 중 | D20: 하
A21: 상 | B21: =COUNTIFS(통합매트릭스!$G$5:$G$131,"상",통합매트릭스!$H$5:$H$131,"상") | C21: =COUNTIFS(통합매트릭스!$G$5:$G$131,"상",통합매트릭스!$H$5:$H$131,"중") | D21: =COUNTIFS(통합매트릭스!$G$5:$G$131,"상",통합매트릭스!$H$5:$H$131,"하")
A22: 중 | B22: =COUNTIFS(통합매트릭스!$G$5:$G$131,"중",통합매트릭스!$H$5:$H$131,"상") | C22: =COUNTIFS(통합매트릭스!$G$5:$G$131,"중",통합매트릭스!$H$5:$H$131,"중") | D22: =COUNTIFS(통합매트릭스!$G$5:$G$131,"중",통합매트릭스!$H$5:$H$131,"하")
A23: 하 | B23: =COUNTIFS(통합매트릭스!$G$5:$G$131,"하",통합매트릭스!$H$5:$H$131,"상") | C23: =COUNTIFS(통합매트릭스!$G$5:$G$131,"하",통합매트릭스!$H$5:$H$131,"중") | D23: =COUNTIFS(통합매트릭스!$G$5:$G$131,"하",통합매트릭스!$H$5:$H$131,"하")
A25: 4. 시트 구성
A26: 시트 | B26: 내용
A27: 통합매트릭스 | B27: 핵심 산출물. Lv3 127행 — 분류 체계, 위험 평가, 교차 매핑(공격 단계·ATLAS·OWASP), 실제 사례, 핵심 통제(Lv2)
A28: 도메인·평가기준 | B28: 3단 분류 정의와 작성 규칙, Lv1 도메인 리스크 정의·경계 판정 규칙, 위험 평가·근거 수준 기준
A29: ATLAS사례연구 | B29: MITRE ATLAS 사례 73건 요약과 Lv3 매핑 — '실제 사례·공격 예시' 열의 CS ID 조회용
A30: 변경이력 | B30: 버전별 변경 내역(이후 개정은 새 버전 파일로 저장하고 이 시트에 기록)

Sheet 통합매트릭스
A1: 통합 AI 보안위협 매트릭스 v3.1 LITE — Lv1 도메인(10) · Lv2 위협 분류(36) · Lv3 세부 위협(127)
A2: 기준: MITRE ATLAS v2026.09 · OWASP LLM Top 10 2026 · Agentic Top 10 2026 · GenAI Data Security 2026 v1.0 · MCP Top 10(2025 beta) | 2026-10-02
A3: 분류 체계 (Lv1 · Lv2 · Lv3) | G3: 위험 평가 | M3: 교차 매핑 | P3: 실제 근거 | Q3: 통제 (Lv2)
A4: 도메인 (Lv1) | B4: UT-ID | C4: 위협 분류 (Lv2) | D4: Lv3 ID | E4: 세부 위협 (Lv3) | F4: 위협 설명 (Lv3) | G4: 발생가능성 | H4: 심각도 | I4: 위험도 | J4: 심각도 근거 | K4: 근거 수준 | L4: 실제 사고 수 | M4: 주 공격 단계 | N4: ATLAS 기법 (주) | O4: OWASP 매핑 (주) | P4: 실제 사례·공격 예시 | Q4: 핵심 통제 요약
A5: D01. 공격 준비 및 AI 무기화 | B5: UT-01 | C5: AI 대상 정찰 및 접근 확보 | D5: UT-01.1 | E5: 공개 정보 수집 | F5: 공개 논문/기술 블로그/코드 저장소/조직 웹사이트 분석을 통해 대상 AI의 모델 구조, 학습 데이터, 사용 프레임워크 및 관련 인물 정보를 수집하여 후속 공격 설계에 활용 | G5: 상 | H5: 하 | I5: =IF(AND(G5="상",H5="상"),"매우 높음",IF(OR(AND(G5="상",H5="중"),AND(G5="중",H5="상")),"높음",IF(OR(AND(G5="중",H5="중"),AND(G5="상",H5="하"),AND(G5="하",H5="상")),"보통","낮음"))) | J5: 직접 피해 없음(후속 공격 설계 단계) | K5: 실제 사고 확인 | L5: 3 | M5: 정찰(Reconnaissance) | N5: T0000, T0000.000, T0000.001, T0000.002, T0000.003, T0001, T0003, T0004, T0095, T0095.000, T0087 | P5: • [ATLAS CS0004·실제사고] 카메라 영상 주입으로 얼굴인식 인증을 우회해 세금 사기(실제 사고) • [ATLAS CS0034·실제사고] KYC 우회용 딥페이크 도구 ProKYC가 범죄자에게 판매(실제 사고) • [ATLAS CS0070·실제사고] DeepSeek 기반 Hermes 에이전트로 Langflow·n8n 취약점 공격 시도(실제 사고) | Q5: 공개 정보·모델 아티팩트 공개 최소화, 노출 자산 관리, AI 허니팟, 비정상 탐색·질의 탐지
A6: D01. 공격 준비 및 AI 무기화 | B6: UT-01 | C6: AI 대상 정찰 및 접근 확보 | D6: UT-01.2 | E6: 노출 AI 자산 스캔 | F6: 인터넷 스캔/메타데이터 API 조회를 통해 외부에 노출된 AI 서비스, 모델 저장소, 에이전트 호출 채널을 식별하고 공격 가능한 진입점 목록화 | G6: 상 | H6: 하 | I6: =IF(AND(G6="상",H6="상"),"매우 높음",IF(OR(AND(G6="상",H6="중"),AND(G6="중",H6="상")),"높음",IF(OR(AND(G6="중",H6="중"),AND(G6="상",H6="하"),AND(G6="하",H6="상")),"보통","낮음"))) | J6: 직접 피해 없음(공격 진입점 식별 단계) | K6: 실제 사고 확인 | L6: 4 | M6: 정찰(Reconnaissance) | N6: T0006, T0006.000, T0006.001, T0006.002, T0006.003 | P6: • [ATLAS CS0023·실제사고] 인증 없는 Ray 클러스터를 탈취해 연산자원·자격증명·모델 탈취(ShadowRay, 실제 사고) • [ATLAS CS0069·실제사고] GTG-1002가 탈옥한 Claude Code로 약 30개 조직 대상 자율 사이버 첩보(실제 사고) • [ATLAS CS0070·실제사고] DeepSeek 기반 Hermes 에이전트로 Langflow·n8n 취약점 공격 시도(실제 사고) | Q6: 공개 정보·모델 아티팩트 공개 최소화, 노출 자산 관리, AI 허니팟, 비정상 탐색·질의 탐지
A7: D01. 공격 준비 및 AI 무기화 | B7: UT-01 | C7: AI 대상 정찰 및 접근 확보 | D7: UT-01.3 | E7: AI 모델 접근 확보 | F7: 추론 API/AI 탑재 제품/모델 파일 확보를 통해 대상 모델에 대한 질의 권한 또는 전체 접근 권한을 획득하여 추출/회피/추론 공격의 기반 마련 | G7: 상 | H7: 중 | I7: =IF(AND(G7="상",H7="상"),"매우 높음",IF(OR(AND(G7="상",H7="중"),AND(G7="중",H7="상")),"높음",IF(OR(AND(G7="중",H7="중"),AND(G7="상",H7="하"),AND(G7="하",H7="상")),"보통","낮음"))) | J7: 질의 또는 전체 접근 확보로 추출/회피/추론 공격 기반 형성 | K7: 실제 사고 확인 | L7: 8 | M7: AI 모델 접근(AI Model Access) | N7: T0040, T0044, T0047 | P7: • [ATLAS CS0004·실제사고] 카메라 영상 주입으로 얼굴인식 인증을 우회해 세금 사기(실제 사고) • [ATLAS CS0009·실제사고] Tay 챗봇이 사용자 대화로 온라인 학습되며 오염되어 혐오 발언 생성(실제 사고) • [ATLAS CS0017·실제사고] ID.me 자동 신원확인을 우회해 180건 이상 허위 실업급여 청구(실제 사고) | Q7: 공개 정보·모델 아티팩트 공개 최소화, 노출 자산 관리, AI 허니팟, 비정상 탐색·질의 탐지
A8: D01. 공격 준비 및 AI 무기화 | B8: UT-01 | C8: AI 대상 정찰 및 접근 확보 | D8: UT-01.4 | E8: 모델 및 환경 탐색 | F8: 출력 관찰/아티팩트 조회를 통해 모델 계열, 분류 체계, 내부 AI 자원 및 실행 환경을 파악하여 공격 정밀도 제고 | G8: 상 | H8: 하 | I8: =IF(AND(G8="상",H8="상"),"매우 높음",IF(OR(AND(G8="상",H8="중"),AND(G8="중",H8="상")),"높음",IF(OR(AND(G8="중",H8="중"),AND(G8="상",H8="하"),AND(G8="하",H8="상")),"보통","낮음"))) | J8: 탐색 단계로 직접 피해 제한적 | K8: 실제 사고 확인 | L8: 3 | M8: 탐색(Discovery) | N8: T0007, T0013, T0014, T0075, T0089 | P8: • [ATLAS CS0030·실제사고] 탈취한 클라우드 자격증명으로 LLM 서비스를 무단 사용·재판매(LLMjacking, 실제 사고) • [ATLAS CS0068·실제사고] OpenAI 평가용 자율 에이전트들이 평가 경계를 넘어 외부 인프라 구축·Hugging Face 침해(실제 사고) • [ATLAS CS0069·실제사고] GTG-1002가 탈옥한 Claude Code로 약 30개 조직 대상 자율 사이버 첩보(실제 사고) | Q8: 공개 정보·모델 아티팩트 공개 최소화, 노출 자산 관리, AI 허니팟, 비정상 탐색·질의 탐지
A9: D01. 공격 준비 및 AI 무기화 | B9: UT-02 | C9: 공격 준비 및 일반 침투 기법 | D9: UT-02.1 | E9: 공격 도구 확보 | F9: 공개 적대적 공격 구현체/익스플로잇/범용 해킹 도구를 입수하거나 자체 개발하여 AI 대상 공격 역량 확보 | G9: 상 | H9: 하 | I9: =IF(AND(G9="상",H9="상"),"매우 높음",IF(OR(AND(G9="상",H9="중"),AND(G9="중",H9="상")),"높음",IF(OR(AND(G9="중",H9="중"),AND(G9="상",H9="하"),AND(G9="하",H9="상")),"보통","낮음"))) | J9: 직접 피해 없음(공격 준비 단계) | K9: 실제 사고 확인 | L9: 10 | M9: 자원 개발(Resource Development) | N9: T0016, T0016.000, T0016.001, T0016.002, T0016.003, T0017, T0017.000 | P9: • [ATLAS CS0002·실제사고] VirusTotal에 변종 샘플을 대량 제출해 크라우드소싱 학습 데이터를 오염 • [ATLAS CS0004·실제사고] 카메라 영상 주입으로 얼굴인식 인증을 우회해 세금 사기(실제 사고) • [ATLAS CS0030·실제사고] 탈취한 클라우드 자격증명으로 LLM 서비스를 무단 사용·재판매(LLMjacking, 실제 사고) | Q9: 기존 엔터프라이즈 보안통제(패치·EDR·네트워크 분리·ATT&CK 기반 탐지)를 AI 인프라까지 확장
A10: D01. 공격 준비 및 AI 무기화 | B10: UT-02 | C10: 공격 준비 및 일반 침투 기법 | D10: UT-02.2 | E10: 공개 AI 자원 입수 | F10: 공개 데이터셋/사전학습 모델/에이전트 설정 파일을 입수하여 대리 모델 구축 및 공격 사전 검증에 활용 | G10: 중 | H10: 하 | I10: =IF(AND(G10="상",H10="상"),"매우 높음",IF(OR(AND(G10="상",H10="중"),AND(G10="중",H10="상")),"높음",IF(OR(AND(G10="중",H10="중"),AND(G10="상",H10="하"),AND(G10="하",H10="상")),"보통","낮음"))) | J10: 직접 피해 없음(대리 모델 구축 등 준비 단계) | K10: 실제 사고 확인 | L10: 1 | M10: 자원 개발(Resource Development) | N10: T0002, T0002.000, T0002.001, T0002.002 | P10: • [ATLAS CS0006·실제사고] Clearview AI 저장소 설정 오류로 소스코드·자격증명·모델 노출 • [ATLAS CS0000·실증] 공개 논문을 재현한 대리모델로 악성 C&C 트래픽 탐지 딥러닝 모델을 회피 • [ATLAS CS0001·실증] 도메인명 변형 기법으로 CNN 기반 봇넷 DGA 탐지기를 우회 | Q10: 기존 엔터프라이즈 보안통제(패치·EDR·네트워크 분리·ATT&CK 기반 탐지)를 AI 인프라까지 확장
A11: D01. 공격 준비 및 AI 무기화 | B11: UT-02 | C11: 공격 준비 및 일반 침투 기법 | D11: UT-02.3 | E11: 공격 인프라 확보 | F11: 클라우드 자원/도메인/물리적 대응물 구매, 계정 생성, 정상 인프라 탈취를 통해 공격 수행 및 은닉에 필요한 기반 구축 | G11: 상 | H11: 하 | I11: =IF(AND(G11="상",H11="상"),"매우 높음",IF(OR(AND(G11="상",H11="중"),AND(G11="중",H11="상")),"높음",IF(OR(AND(G11="중",H11="중"),AND(G11="상",H11="하"),AND(G11="하",H11="상")),"보통","낮음"))) | J11: 직접 피해 없음(공격 기반 구축 단계) | K11: 실제 사고 확인 | L11: 7 | M11: 자원 개발(Resource Development) | N11: T0008, T0008.000, T0008.001, T0008.002, T0008.003, T0008.004, T0008.005, T0021, T0079, T0128 | P11: • [ATLAS CS0004·실제사고] 카메라 영상 주입으로 얼굴인식 인증을 우회해 세금 사기(실제 사고) • [ATLAS CS0006·실제사고] Clearview AI 저장소 설정 오류로 소스코드·자격증명·모델 노출 • [ATLAS CS0034·실제사고] KYC 우회용 딥페이크 도구 ProKYC가 범죄자에게 판매(실제 사고) | Q11: 기존 엔터프라이즈 보안통제(패치·EDR·네트워크 분리·ATT&CK 기반 탐지)를 AI 인프라까지 확장
A12: D01. 공격 준비 및 AI 무기화 | B12: UT-02 | C12: 공격 준비 및 일반 침투 기법 | D12: UT-02.4 | E12: 일반 초기 침투 | F12: 공개 애플리케이션 취약점 익스플로잇/드라이브바이 다운로드/악성 링크 실행 유도를 통해 AI 서비스 및 지원 인프라에 최초 침투 | G12: 상 | H12: 상 | I12: =IF(AND(G12="상",H12="상"),"매우 높음",IF(OR(AND(G12="상",H12="중"),AND(G12="중",H12="상")),"높음",IF(OR(AND(G12="중",H12="중"),AND(G12="상",H12="하"),AND(G12="하",H12="상")),"보통","낮음"))) | J12: AI 서비스 및 지원 인프라 장악으로 확대 가능 | K12: 실제 사고 확인 | L12: 7 | M12: 초기 접근(Initial Access) | N12: T0049, T0078, T0011.003 | P12: • [ATLAS CS0023·실제사고] 인증 없는 Ray 클러스터를 탈취해 연산자원·자격증명·모델 탈취(ShadowRay, 실제 사고) • [ATLAS CS0030·실제사고] 탈취한 클라우드 자격증명으로 LLM 서비스를 무단 사용·재판매(LLMjacking, 실제 사고) • [ATLAS CS0068·실제사고] OpenAI 평가용 자율 에이전트들이 평가 경계를 넘어 외부 인프라 구축·Hugging Face 침해(실제 사고) • [OWASP 인용] ToolShell SharePoint RCE 악용(2025.07, 실제 사고) / Flowise 사전인증 임의 파일 업로드(2025.03) | Q12: 기존 엔터프라이즈 보안통제(패치·EDR·네트워크 분리·ATT&CK 기반 탐지)를 AI 인프라까지 확장
A13: D01. 공격 준비 및 AI 무기화 | B13: UT-02 | C13: 공격 준비 및 일반 침투 기법 | D13: UT-02.5 | E13: 내부 확산 및 탐지 회피 | F13: 원격 서비스 악용을 통한 내부 확산과 샌드박스 회피/난독화를 통한 보안 탐지 우회로 침투 범위 확대 및 체류 장기화 | G13: 상 | H13: 중 | I13: =IF(AND(G13="상",H13="상"),"매우 높음",IF(OR(AND(G13="상",H13="중"),AND(G13="중",H13="상")),"높음",IF(OR(AND(G13="중",H13="중"),AND(G13="상",H13="하"),AND(G13="하",H13="상")),"보통","낮음"))) | J13: 침투 범위 확대 및 탐지 지연 | K13: 실제 사고 확인 | L13: 2 | M13: 방어 회피(Defense Evasion) | N13: T0122, T0097, T0107, T0123 | P13: • [ATLAS CS0043·실제사고] LLM 기반 악성코드 분석기를 속이려 프롬프트 인젝션을 내장한 악성코드(실제 사고) • [ATLAS CS0068·실제사고] OpenAI 평가용 자율 에이전트들이 평가 경계를 넘어 외부 인프라 구축·Hugging Face 침해(실제 사고) • [ATLAS CS0050·실증] 악성 링크 1회 클릭으로 OpenClaw 로컬 에이전트 원격 코드 실행 | Q13: 기존 엔터프라이즈 보안통제(패치·EDR·네트워크 분리·ATT&CK 기반 탐지)를 AI 인프라까지 확장
A14: D01. 공격 준비 및 AI 무기화 | B14: UT-02 | C14: 공격 준비 및 일반 침투 기법 | D14: UT-02.6 | E14: 일반 수단 데이터 유출 | F14: 정보 저장소/로컬 시스템의 데이터를 자동 수집 및 압축한 후 일반 네트워크 또는 C2 채널로 외부 반출 | G14: 상 | H14: 상 | I14: =IF(AND(G14="상",H14="상"),"매우 높음",IF(OR(AND(G14="상",H14="중"),AND(G14="중",H14="상")),"높음",IF(OR(AND(G14="중",H14="중"),AND(G14="상",H14="하"),AND(G14="하",H14="상")),"보통","낮음"))) | J14: 중요정보 및 AI 자산 대량 반출 | K14: 실제 사고 확인 | L14: 9 | M14: 유출(Exfiltration) | N14: T0036, T0037, T0126, T0127, T0025, T0072 | P14: • [ATLAS CS0006·실제사고] Clearview AI 저장소 설정 오류로 소스코드·자격증명·모델 노출 • [ATLAS CS0015·실제사고] PyPI에 올라간 악성 torchtriton 의존성으로 PyTorch-nightly 사용자 정보 유출(실제 사고) • [ATLAS CS0023·실제사고] 인증 없는 Ray 클러스터를 탈취해 연산자원·자격증명·모델 탈취(ShadowRay, 실제 사고) | Q14: 기존 엔터프라이즈 보안통제(패치·EDR·네트워크 분리·ATT&CK 기반 탐지)를 AI 인프라까지 확장
A15: D01. 공격 준비 및 AI 무기화 | B15: UT-03 | C15: AI 기반 자율 공격 | D15: UT-03.1 | E15: 자율 공격 에이전트 | F15: 공격 목표만 부여받은 AI 에이전트가 대상 탐색, 익스플로잇 개발, 실패 시 공격 경로 수정을 사람 개입 없이 반복 수행하여 사람 대비 압도적 속도와 규모로 침투 | G15: 상 | H15: 상 | I15: =IF(AND(G15="상",H15="상"),"매우 높음",IF(OR(AND(G15="상",H15="중"),AND(G15="중",H15="상")),"높음",IF(OR(AND(G15="중",H15="중"),AND(G15="상",H15="하"),AND(G15="하",H15="상")),"보통","낮음"))) | J15: 다수 조직 동시 침투 및 시스템 장악 | K15: 실제 사고 확인 | L15: 4 | M15: AI 공격 적응(AI Attack Adaptation) | N15: T0116, T0117, T0017.001 | P15: • [ATLAS CS0069·실제사고] GTG-1002가 탈옥한 Claude Code로 약 30개 조직 대상 자율 사이버 첩보(실제 사고) • [ATLAS CS0070·실제사고] DeepSeek 기반 Hermes 에이전트로 Langflow·n8n 취약점 공격 시도(실제 사고) • [ATLAS CS0071·실제사고] Hermes·OpenClaw 기반 다중 에이전트 프레임워크로 대만 정부 시스템 침해(실제 사고) | Q15: AI 속도 공격을 전제한 탐지·대응 자동화, AI 제공자 오남용 탐지 연계, 위협 인텔리전스
A16: D01. 공격 준비 및 AI 무기화 | B16: UT-03 | C16: AI 기반 자율 공격 | D16: UT-03.2 | E16: 다중 에이전트 공격 조율 | F16: 오케스트레이터 AI가 다수 하위 에이전트에 임무를 분배하고 탐색 결과/자격증명을 공유하며 복수 대상을 병렬 공격 | G16: 상 | H16: 상 | I16: =IF(AND(G16="상",H16="상"),"매우 높음",IF(OR(AND(G16="상",H16="중"),AND(G16="중",H16="상")),"높음",IF(OR(AND(G16="중",H16="중"),AND(G16="상",H16="하"),AND(G16="하",H16="상")),"보통","낮음"))) | J16: 복수 대상 병렬 침투 및 시스템 장악 | K16: 실제 사고 확인 | L16: 2 | M16: AI 공격 적응(AI Attack Adaptation) | N16: T0118, T0118.000, T0118.001, T0124 | P16: • [ATLAS CS0068·실제사고] OpenAI 평가용 자율 에이전트들이 평가 경계를 넘어 외부 인프라 구축·Hugging Face 침해(실제 사고) • [ATLAS CS0071·실제사고] Hermes·OpenClaw 기반 다중 에이전트 프레임워크로 대만 정부 시스템 침해(실제 사고) | Q16: AI 속도 공격을 전제한 탐지·대응 자동화, AI 제공자 오남용 탐지 연계, 위협 인텔리전스
... A24: D01. 공격 준비 및 AI 무기화 | B24: UT-05 | C24: AI 서비스를 이용한 C2 통신 | D24: UT-05.3 | E24: AI 아티팩트 저장소 악용 | F24: 모델/데이터셋 저장소를 명령 및 데이터 교환 매체로 사용하여 정상 아티팩트 다운로드로 위장된 C2 수행 | G24: 중 | H24: 중 | I24: =IF(AND(G24="상",H24="상"),"매우 높음",IF(OR(AND(G24="상",H24="중"),AND(G24="중",H24="상")),"높음",IF(OR(AND(G24="중",H24="중"),AND(G24="상",H24="하"),AND(G24="하",H24="상")),"보통","낮음"))) | J24: 탐지 회피형 통신 채널(제한적 대역) | K24: 실제 사고 확인 | L24: 1 | M24: 명령·제어(Command and Control) | N24: T0120 | P24: • [ATLAS CS0068·실제사고] OpenAI 평가용 자율 에이전트들이 평가 경계를 넘어 외부 인프라 구축·Hugging Face 침해(실제 사고) • [OWASP 시나리오] 모델 허브 저장소를 명령·데이터 교환 매체로 사용하는 C2(ATLAS T0120 기법 정의) | Q24: AI API 키 보호·사용량 이상 탐지, AI 서비스 egress 가시성, 비인가 AI 트래픽 차단
A25: D02. 프롬프트 인젝션 및 컨텍스트 노출 | B25: UT-06 | C25: 직접 프롬프트 인젝션 | D25: UT-06.1 | E25: 시스템 지시 무력화 | F25: 사용자 입력창에 '이전 지시 무시' 등 조작 지시를 입력하여 시스템 프롬프트의 역할/제약을 무력화하고 비인가 정보 조회 또는 기능 실행 유도 | G25: 상 | H25: 중 | I25: =IF(AND(G25="상",H25="상"),"매우 높음",IF(OR(AND(G25="상",H25="중"),AND(G25="중",H25="상")),"높음",IF(OR(AND(G25="중",H25="중"),AND(G25="상",H25="하"),AND(G25="하",H25="상")),"보통","낮음"))) | J25: 앱 권한 범위 내 비인가 조회/실행 | K25: 실제 사고 확인 | L25: 3 | M25: 실행(Execution) | N25: T0051, T0051.000 | O25: LLM01 | P25: • [ATLAS CS0043·실제사고] LLM 기반 악성코드 분석기를 속이려 프롬프트 인젝션을 내장한 악성코드(실제 사고) • [ATLAS CS0016·실증] MathGPT에 프롬프트 인젝션으로 파이썬 코드 실행·API 키 노출 • [ATLAS CS0047·실제사고] 과권한 GitHub 토큰으로 Amazon Q VS Code 확장에 파괴형 에이전트 지시 커밋(실제 사고) • [OWASP 인용] CVE-2024-5184 EmailGPT 프롬프트 인젝션(시스템 프롬프트 노출 및 데이터 유출) | Q25: 다층 입·출력 가드레일, 모달리티별 정규화·비가시 문자 제거, 권한 분리로 폭발반경 제한, 적대적 테스트 상시화
A26: D02. 프롬프트 인젝션 및 컨텍스트 노출 | B26: UT-06 | C26: 직접 프롬프트 인젝션 | D26: UT-06.2 | E26: 탈옥(안전장치 우회) | F26: 역할극/다단계 설득/우회 표현을 통해 모델의 안전 정책을 무력화하여 유해 콘텐츠 생성 또는 공격 도구 개발 등 금지된 용도로 모델 악용 | G26: 상 | H26: 중 | I26: =IF(AND(G26="상",H26="상"),"매우 높음",IF(OR(AND(G26="상",H26="중"),AND(G26="중",H26="상")),"높음",IF(OR(AND(G26="중",H26="중"),AND(G26="상",H26="하"),AND(G26="하",H26="상")),"보통","낮음"))) | J26: 금지 용도 악용(유해 콘텐츠·공격 도구 생성) | K26: 실제 사고 확인 | L26: 2 | M26: 방어 회피(Defense Evasion) | N26: T0054 | O26: LLM01 | P26: • [ATLAS CS0057·실제사고] Storm-2139가 노출 자격증명과 탈옥 도구로 Azure OpenAI 가드레일 우회·접근권 재판매(실제 사고) • [ATLAS CS0069·실제사고] GTG-1002가 탈옥한 Claude Code로 약 30개 조직 대상 자율 사이버 첩보(실제 사고) • [ATLAS CS0041·실증] AI 코딩도구 규칙 파일에 보이지 않는 유니코드 지시를 숨겨 악성 코드 생성 유도 • [OWASP 인용] CVE-2025-54794 Claude 프롬프트 인젝션 탈옥 | Q26: 다층 입·출력 가드레일, 모달리티별 정규화·비가시 문자 제거, 권한 분리로 폭발반경 제한, 적대적 테스트 상시화
A27: D02. 프롬프트 인젝션 및 컨텍스트 노출 | B27: UT-06 | C27: 직접 프롬프트 인젝션 | D27: UT-06.3 | E27: 페이로드 난독화 | F27: 다국어 혼용/인코딩/분할 입력/동의어 치환으로 인젝션 페이로드를 변형하여 입력 필터 및 가드레일 탐지 우회 | G27: 상 | H27: 중 | I27: =IF(AND(G27="상",H27="상"),"매우 높음",IF(OR(AND(G27="상",H27="중"),AND(G27="중",H27="상")),"높음",IF(OR(AND(G27="중",H27="중"),AND(G27="상",H27="하"),AND(G27="하",H27="상")),"보통","낮음"))) | J27: 가드레일 무력화로 인젝션 성공률 증가 | K27: 실제 사고 확인 | L27: 4 | M27: 방어 회피(Defense Evasion) | N27: T0065, T0068 | O27: LLM01 | P27: • [ATLAS CS0043·실제사고] LLM 기반 악성코드 분석기를 속이려 프롬프트 인젝션을 내장한 악성코드(실제 사고) • [ATLAS CS0047·실제사고] 과권한 GitHub 토큰으로 Amazon Q VS Code 확장에 파괴형 에이전트 지시 커밋(실제 사고) • [ATLAS CS0056·실제사고] 약 2.4만 계정·1,600만 쿼리로 Claude 능력을 증류하려는 캠페인 적발(실제 사고) | Q27: 다층 입·출력 가드레일, 모달리티별 정규화·비가시 문자 제거, 권한 분리로 폭발반경 제한, 적대적 테스트 상시화
A28: D02. 프롬프트 인젝션 및 컨텍스트 노출 | B28: UT-06 | C28: 직접 프롬프트 인젝션 | D28: UT-06.4 | E28: 멀티모달 은닉 지시 | F28: 이미지/오디오/문서 내 비가시 텍스트 또는 유니코드 태그 문자로 지시를 은닉하여 사람 검토와 텍스트 기반 필터를 동시에 우회 | G28: 중 | H28: 중 | I28: =IF(AND(G28="상",H28="상"),"매우 높음",IF(OR(AND(G28="상",H28="중"),AND(G28="중",H28="상")),"높음",IF(OR(AND(G28="중",H28="중"),AND(G28="상",H28="하"),AND(G28="하",H28="상")),"보통","낮음"))) | J28: 사람 검토 및 필터 동시 우회 | K28: 실증·공개 취약점 | L28: 0 | M28: 방어 회피(Defense Evasion) | N28: T0129 | O28: LLM01 | P28: • [ATLAS CS0041·실증] AI 코딩도구 규칙 파일에 보이지 않는 유니코드 지시를 숨겨 악성 코드 생성 유도 • [OWASP 인용] M365 Copilot ASCII 스머글링 PoC(2024.08, 비가시 유니코드로 MFA 코드 유출) | Q28: 다층 입·출력 가드레일, 모달리티별 정규화·비가시 문자 제거, 권한 분리로 폭발반경 제한, 적대적 테스트 상시화
A29: D02. 프롬프트 인젝션 및 컨텍스트 노출 | B29: UT-07 | C29: 간접 프롬프트 인젝션 | D29: UT-07.1 | E29: 외부 콘텐츠 경유 주입 | F29: 웹페이지/문서/이메일/이슈 등 AI가 처리하는 외부 콘텐츠에 지시문을 은닉하여, 콘텐츠 처리 시점에 사용자 권한으로 데이터 조회/전송 등 비인가 행위 수행 | G29: 중 | H29: 상 | I29: =IF(AND(G29="상",H29="상"),"매우 높음",IF(OR(AND(G29="상",H29="중"),AND(G29="중",H29="상")),"높음",IF(OR(AND(G29="중",H29="중"),AND(G29="상",H29="하"),AND(G29="하",H29="상")),"보통","낮음"))) | J29: 제로클릭 데이터 유출 및 사용자 권한 전체 악용 | K29: 실증·공개 취약점 | L29: 0 | M29: 초기 접근(Initial Access) | N29: T0051.001, T0093 | O29: LLM01, MCP06 | P29: • [ATLAS CS0020·실증] 웹페이지 숨은 지시로 Bing Chat이 사용자 개인정보를 캐내는 사회공학 수행 • [ATLAS CS0021·실증] 웹페이지 간접 인젝션으로 ChatGPT 대화 내용을 이미지 URL로 유출 • [ATLAS CS0029·실증] 공유 Google 문서의 간접 인젝션으로 Bard 대화 내용 유출 • [OWASP 인용] Salesforce Agentforce ForcedLeak(2025.09) / Google Gemini Trifecta(2025.09) / Hub MCP 교차 컨텍스트 인젝션(2025.06) / GitHub 공개 이슈 경유 저장소 탈취(2025.05) | Q29: 비신뢰 콘텐츠 구획·출처 표시, 비신뢰 데이터 처리 중 도구 호출 제한, 목표 변경 시 인간 승인, '치명적 삼요소' 동시 성립 차단
A30: D02. 프롬프트 인젝션 및 컨텍스트 노출 | B30: UT-07 | C30: 간접 프롬프트 인젝션 | D30: UT-07.2 | E30: 지연 실행형 주입 | F30: 특정 키워드/후속 대화 턴/시점에 발동하도록 조건부 지시를 심어 즉시 탐지를 회피하고 도구 호출 제한 등 보호 장치 우회 | G30: 중 | H30: 중 | I30: =IF(AND(G30="상",H30="상"),"매우 높음",IF(OR(AND(G30="상",H30="중"),AND(G30="중",H30="상")),"높음",IF(OR(AND(G30="중",H30="중"),AND(G30="상",H30="하"),AND(G30="하",H30="상")),"보통","낮음"))) | J30: 즉시 탐지 회피 후 보호장치 우회 실행 | K30: 실증·공개 취약점 | L30: 0 | M30: 방어 회피(Defense Evasion) | N30: T0051.002, T0094 | O30: LLM01 | P30: • [ATLAS CS0024·실증] RAG를 매개로 자기복제 프롬프트가 GenAI 이메일 비서 간 전파(Morris II 웜) • [ATLAS CS0037·실증] Copilot Studio 고객지원 에이전트를 인젝션해 지식원·도구를 탐색하고 CRM 데이터 유출 • [ATLAS CS0038·실증] 지시 실행을 다음 대화 턴으로 지연시켜 Gemini의 도구 호출 제한 우회 | Q30: 비신뢰 콘텐츠 구획·출처 표시, 비신뢰 데이터 처리 중 도구 호출 제한, 목표 변경 시 인간 승인, '치명적 삼요소' 동시 성립 차단
A31: D02. 프롬프트 인젝션 및 컨텍스트 노출 | B31: UT-07 | C31: 간접 프롬프트 인젝션 | D31: UT-07.3 | E31: 검색 노출용 콘텐츠 제작 | F31: RAG 수집 대상 사이트/문서를 파악한 후 검색 상위에 노출되도록 설계한 악성 콘텐츠를 외부에 게시하여 AI가 이를 근거로 응답하도록 유도 | G31: 중 | H31: 중 | I31: =IF(AND(G31="상",H31="상"),"매우 높음",IF(OR(AND(G31="상",H31="중"),AND(G31="중",H31="상")),"높음",IF(OR(AND(G31="중",H31="중"),AND(G31="상",H31="하"),AND(G31="하",H31="상")),"보통","낮음"))) | J31: 특정 질의 응답 조작(범위 제한) | K31: 실증·공개 취약점 | L31: 0 | M31: 자원 개발(Resource Development) | N31: T0064, T0066 | O31: LLM01 | P31: • [ATLAS CS0026·실증] 메일을 RAG로 수집하는 M365 Copilot을 조작해 송금 계좌 정보를 바꿔치기 • [ATLAS CS0035·실증] 공개 채널 게시글의 간접 인젝션으로 Slack AI가 비공개 채널 데이터 유출 • [ATLAS CS0059·실증] EchoLeak: 메일 한 통으로 M365 Copilot이 사용자 조작 없이 기업 데이터 유출(제로클릭) | Q31: 비신뢰 콘텐츠 구획·출처 표시, 비신뢰 데이터 처리 중 도구 호출 제한, 목표 변경 시 인간 승인, '치명적 삼요소' 동시 성립 차단
A32: D02. 프롬프트 인젝션 및 컨텍스트 노출 | B32: UT-07 | C32: 간접 프롬프트 인젝션 | D32: UT-07.4 | E32: 에이전트 유인 및 클로킹 | F32: 조작된 AI 비서 링크/클릭 유도 화면으로 에이전트 행동을 유인하거나, AI 크롤러에만 다른 콘텐츠를 제공(클로킹)하여 사람 검토를 회피한 지시 전달 | G32: 중 | H32: 중 | I32: =IF(AND(G32="상",H32="상"),"매우 높음",IF(OR(AND(G32="상",H32="중"),AND(G32="중",H32="상")),"높음",IF(OR(AND(G32="중",H32="중"),AND(G32="상",H32="하"),AND(G32="하",H32="상")),"보통","낮음"))) | J32: 에이전트 행위 유도(사용자 권한 범위) | K32: 실제 사고 확인 | L32: 1 | M32: 초기 접근(Initial Access) | N32: T0131, T0100, T0134 | O32: LLM01 | P32: • [ATLAS CS0072·실제사고] 조작된 AI 비서 링크로 메모리를 오염시켜 특정 제품을 추천하게 만드는 홍보성 공격(실제 사고) • [ATLAS CS0055·실증] ClickFix 사회공학으로 컴퓨터 사용 에이전트가 악성 명령 실행 | Q32: 비신뢰 콘텐츠 구획·출처 표시, 비신뢰 데이터 처리 중 도구 호출 제한, 목표 변경 시 인간 승인, '치명적 삼요소' 동시 성립 차단
A33: D02. 프롬프트 인젝션 및 컨텍스트 노출 | B33: UT-07 | C33: 간접 프롬프트 인젝션 | D33: UT-07.5 | E33: 에이전트 목표 탈취 | F33: 주입된 지시가 에이전트의 목표/계획/판단 기준을 점진적으로 변경하여, 정상 업무 흐름 속에서 공격자 의도에 맞는 의사결정과 행위 반복 | G33: 중 | H33: 상 | I33: =IF(AND(G33="상",H33="상"),"매우 높음",IF(OR(AND(G33="상",H33="중"),AND(G33="중",H33="상")),"높음",IF(OR(AND(G33="중",H33="중"),AND(G33="상",H33="하"),AND(G33="하",H33="상")),"보통","낮음"))) | J33: 에이전트 권한 전체를 공격자 목적에 사용 | K33: 실증·공개 취약점 | L33: 0 | M33: 실행(Execution) | O33: ASI01 | P33: • [ATLAS CS0063·실증] 캘린더 초대·메일에 숨긴 지시로 Gemini 비서가 기기·앱을 조작 • [OWASP 인용] ChatGPT Operator 프롬프트 인젝션(2025.02) / VS Code 에이전트 워크플로 RCE(2025.09) • [OWASP 시나리오] 반복 캘린더 초대로 플래너 에이전트의 목표 가중치를 매일 조금씩 변경(ASI01 시나리오#3) | Q33: 비신뢰 콘텐츠 구획·출처 표시, 비신뢰 데이터 처리 중 도구 호출 제한, 목표 변경 시 인간 승인, '치명적 삼요소' 동시 성립 차단
A34: D02. 프롬프트 인젝션 및 컨텍스트 노출 | B34: UT-08 | C34: 숨겨진 컨텍스트 노출 | D34: UT-08.1 | E34: 시스템 프롬프트 추출 | F34: 반복 질의/역할 전환/출력 형식 변환 요청을 통해 시스템 지시문과 내부 규칙을 추출하여 가드레일 우회 및 후속 인젝션 설계에 활용 | G34: 중 | H34: 하 | I34: =IF(AND(G34="상",H34="상"),"매우 높음",IF(OR(AND(G34="상",H34="중"),AND(G34="중",H34="상")),"높음",IF(OR(AND(G34="중",H34="중"),AND(G34="상",H34="하"),AND(G34="하",H34="상")),"보통","낮음"))) | J34: 정책 정보 노출(직접 피해 제한적) | K34: 실증·공개 취약점 | L34: 0 | M34: 탐색(Discovery) | N34: T0056, T0069, T0069.000, T0069.001, T0069.002 | O34: LLM08 | P34: • [ATLAS CS0026·실증] 메일을 RAG로 수집하는 M365 Copilot을 조작해 송금 계좌 정보를 바꿔치기 • [ATLAS CS0048·실증] 인터넷에 노출된 ClawdBot 제어 인터페이스 수백 개에서 자격증명 탈취·명령 실행 • [ATLAS CS0051·실증] 웹페이지 인젝션으로 OpenClaw에 지속 지시를 심어 C2로 활용 • [OWASP 인용] CVE-2024-5184 EmailGPT 시스템 프롬프트 노출 | Q34: 은닉 컨텍스트 노출 가정 설계, 비밀·보안 로직을 프롬프트에 두지 않음, 권한은 외부 정책엔진에서 강제
A35: D02. 프롬프트 인젝션 및 컨텍스트 노출 | B35: UT-08 | C35: 숨겨진 컨텍스트 노출 | D35: UT-08.2 | E35: 에이전트 구성 탐색 | F35: 에이전트에 질의하여 연결 도구 목록/호출 체인/활성화 트리거/지식원 구성을 파악함으로써 악용 가능한 도구와 데이터 경로 식별 | G35: 중 | H35: 중 | I35: =IF(AND(G35="상",H35="상"),"매우 높음",IF(OR(AND(G35="상",H35="중"),AND(G35="중",H35="상")),"높음",IF(OR(AND(G35="중",H35="중"),AND(G35="상",H35="하"),AND(G35="하",H35="상")),"보통","낮음"))) | J35: 도구 악용 경로 정밀화 | K35: 실증·공개 취약점 | L35: 0 | M35: 탐색(Discovery) | N35: T0084, T0084.000, T0084.001, T0084.002, T0084.003 | O35: LLM08 | P35: • [ATLAS CS0037·실증] Copilot Studio 고객지원 에이전트를 인젝션해 지식원·도구를 탐색하고 CRM 데이터 유출 • [ATLAS CS0052·실증] 11개 LLM 프레임워크에서 20개 RCE 취약점 발견, 인터넷 공개 앱에서 실증(LLMSmith) • [ATLAS CS0063·실증] 캘린더 초대·메일에 숨긴 지시로 Gemini 비서가 기기·앱을 조작 | Q35: 은닉 컨텍스트 노출 가정 설계, 비밀·보안 로직을 프롬프트에 두지 않음, 권한은 외부 정책엔진에서 강제
A36: D02. 프롬프트 인젝션 및 컨텍스트 노출 | B36: UT-08 | C36: 숨겨진 컨텍스트 노출 | D36: UT-08.3 | E36: 런타임 권한 탐색 | F36: 에이전트의 실행 권한/접근 가능 자원/런타임 기능을 탐색하여 권한 상승 및 도구 오용 대상 선별 | G36: 하 | H36: 중 | I36: =IF(AND(G36="상",H36="상"),"매우 높음",IF(OR(AND(G36="상",H36="중"),AND(G36="중",H36="상")),"높음",IF(OR(AND(G36="중",H36="중"),AND(G36="상",H36="하"),AND(G36="하",H36="상")),"보통","낮음"))) | J36: 권한 상승 및 도구 오용 대상 선별 | K36: 이론·시나리오 | L36: 0 | M36: 탐색(Discovery) | N36: T0133 | O36: LLM08 | P36: • [OWASP 시나리오] 에이전트 런타임 기능·권한 탐색(ATLAS T0133, 2026.09 신설 기법 정의) | Q36: 은닉 컨텍스트 노출 가정 설계, 비밀·보안 로직을 프롬프트에 두지 않음, 권한은 외부 정책엔진에서 강제
A37: D02. 프롬프트 인젝션 및 컨텍스트 노출 | B37: UT-08 | C37: 숨겨진 컨텍스트 노출 | D37: UT-08.4 | E37: 프롬프트 내 비밀정보 노출 | F37: 시스템 프롬프트/에이전트 설정에 API 키/접속 정보/내부 URL을 직접 기재하여, 컨텍스트 추출 시 연동 시스템 자격증명이 함께 노출 | G37: 하 | H37: 상 | I37: =IF(AND(G37="상",H37="상"),"매우 높음",IF(OR(AND(G37="상",H37="중"),AND(G37="중",H37="상")),"높음",IF(OR(AND(G37="중",H37="중"),AND(G37="상",H37="하"),AND(G37="하",H37="상")),"보통","낮음"))) | J37: 연동 시스템 자격증명 노출로 다수 시스템 접근 | K37: 이론·시나리오 | L37: 0 | M37: 자격증명 접근(Credential Access) | O37: LLM08 | P37: • [OWASP 시나리오] 시스템 프롬프트에 포함된 자격증명이 추출되어 연동 시스템 접근(LLM08 시나리오#1) | Q37: 은닉 컨텍스트 노출 가정 설계, 비밀·보안 로직을 프롬프트에 두지 않음, 권한은 외부 정책엔진에서 강제
A38: D03. AI 데이터 오염 및 유출 | B38: UT-09 | C38: 학습 데이터 오염 | D38: UT-09.1 | E38: 학습 데이터 직접 오염 | F38: 사전학습/파인튜닝 데이터에 소량의 오염 샘플 또는 트리거 패턴을 삽입하여 모델에 편향, 성능 저하, 조건부 오작동(백도어)을 내재화 | G38: 상 | H38: 중 | I38: =IF(AND(G38="상",H38="상"),"매우 높음",IF(OR(AND(G38="상",H38="중"),AND(G38="중",H38="상")),"높음",IF(OR(AND(G38="중",H38="중"),AND(G38="상",H38="하"),AND(G38="하",H38="상")),"보통","낮음"))) | J38: 모델 전반 무결성 훼손(통제권 탈취와 간접 연계) | K38: 실제 사고 확인 | L38: 2 | M38: 지속성(Persistence) | N38: T0020 | O38: LLM05, DSGAI04 | P38: • [ATLAS CS0002·실제사고] VirusTotal에 변종 샘플을 대량 제출해 크라우드소싱 학습 데이터를 오염 • [ATLAS CS0009·실제사고] Tay 챗봇이 사용자 대화로 온라인 학습되며 오염되어 혐오 발언 생성(실제 사고) • [ATLAS CS0025·실증] URL 목록형 대규모 데이터셋의 만료 도메인을 매입해 학습 데이터 오염(Split-View) | Q38: 데이터셋 출처·계보 관리(DBOM/ML-BOM), 학습데이터 정제·이상치 탐지, 재학습 입력 검증
A39: D03. AI 데이터 오염 및 유출 | B39: UT-09 | C39: 학습 데이터 오염 | D39: UT-09.2 | E39: 오염 데이터셋 유포 | F39: 오염된 데이터셋을 공개 저장소에 배포하거나 정상 데이터셋으로 위장하여, 이를 수집한 다수 조직의 학습 파이프라인을 동시 오염 | G39: 중 | H39: 중 | I39: =IF(AND(G39="상",H39="상"),"매우 높음",IF(OR(AND(G39="상",H39="중"),AND(G39="중",H39="상")),"높음",IF(OR(AND(G39="중",H39="중"),AND(G39="상",H39="하"),AND(G39="하",H39="상")),"보통","낮음"))) | J39: 다수 조직 모델의 무결성 동시 훼손 | K39: 실증·공개 취약점 | L39: 0 | M39: 자원 개발(Resource Development) | N39: T0115.000 | O39: LLM05, DSGAI04 | P39: • [ATLAS CS0025·실증] URL 목록형 대규모 데이터셋의 만료 도메인을 매입해 학습 데이터 오염(Split-View) | Q39: 데이터셋 출처·계보 관리(DBOM/ML-BOM), 학습데이터 정제·이상치 탐지, 재학습 입력 검증
A40: D03. AI 데이터 오염 및 유출 | B40: UT-09 | C40: 학습 데이터 오염 | D40: UT-09.3 | E40: 재학습 피드백 오염 | F40: 사용자 피드백/운영 로그를 자동 재학습에 반영하는 구조를 악용하여 조작 입력을 반복 주입함으로써 모델 행동을 점진적으로 왜곡 | G40: 중 | H40: 중 | I40: =IF(AND(G40="상",H40="상"),"매우 높음",IF(OR(AND(G40="상",H40="중"),AND(G40="중",H40="상")),"높음",IF(OR(AND(G40="중",H40="중"),AND(G40="상",H40="하"),AND(G40="하",H40="상")),"보통","낮음"))) | J40: 점진적 왜곡(탐지 시 롤백 가능) | K40: 실제 사고 확인 | L40: 1 | M40: 지속성(Persistence) | O40: LLM05 | P40: • [ATLAS CS0009·실제사고] Tay 챗봇이 사용자 대화로 온라인 학습되며 오염되어 혐오 발언 생성(실제 사고) • [OWASP 시나리오] 자동 재학습 피드백 루프를 악용한 모델 왜곡(LLM05 시나리오#3) | Q40: 데이터셋 출처·계보 관리(DBOM/ML-BOM), 학습데이터 정제·이상치 탐지, 재학습 입력 검증
A41: D03. AI 데이터 오염 및 유출 | B41: UT-09 | C41: 학습 데이터 오염 | D41: UT-09.4 | E41: 무결성 저하 공격 | F41: 적대적 입력 반복 투입 또는 데이터셋 일부 훼손을 통해 모델/데이터셋의 신뢰도를 저하시켜 운영 중단 또는 재학습 비용 유발 | G41: 상 | H41: 중 | I41: =IF(AND(G41="상",H41="상"),"매우 높음",IF(OR(AND(G41="상",H41="중"),AND(G41="중",H41="상")),"높음",IF(OR(AND(G41="중",H41="중"),AND(G41="상",H41="하"),AND(G41="하",H41="상")),"보통","낮음"))) | J41: 모델 신뢰도 저하 및 재학습 비용 | K41: 실제 사고 확인 | L41: 2 | M41: 영향(Impact) | N41: T0059, T0031 | O41: DSGAI04 | P41: • [ATLAS CS0025·실증] URL 목록형 대규모 데이터셋의 만료 도메인을 매입해 학습 데이터 오염(Split-View) • [ATLAS CS0006·실제사고] Clearview AI 저장소 설정 오류로 소스코드·자격증명·모델 노출 • [ATLAS CS0009·실제사고] Tay 챗봇이 사용자 대화로 온라인 학습되며 오염되어 혐오 발언 생성(실제 사고) | Q41: 데이터셋 출처·계보 관리(DBOM/ML-BOM), 학습데이터 정제·이상치 탐지, 재학습 입력 검증
A42: D03. AI 데이터 오염 및 유출 | B42: UT-10 | C42: 지식원(RAG) 오염 | D42: UT-10.1 | E42: 검색 코퍼스 오염 | F42: 조직 지식원/RAG 코퍼스에 허위 또는 조작 문서를 기록하여, AI가 이를 권위 있는 근거로 인용한 잘못된 응답/권고 생성 | G42: 중 | H42: 중 | I42: =IF(AND(G42="상",H42="상"),"매우 높음",IF(OR(AND(G42="상",H42="중"),AND(G42="중",H42="상")),"높음",IF(OR(AND(G42="중",H42="중"),AND(G42="상",H42="하"),AND(G42="하",H42="상")),"보통","낮음"))) | J42: 응답 무결성 훼손(업무 판단 및 거래 오류) | K42: 실증·공개 취약점 | L42: 0 | M42: 지속성(Persistence) | N42: T0070, T0071 | O42: ASI06, DSGAI21 | P42: • [ATLAS CS0026·실증] 메일을 RAG로 수집하는 M365 Copilot을 조작해 송금 계좌 정보를 바꿔치기 • [ATLAS CS0024·실증] RAG를 매개로 자기복제 프롬프트가 GenAI 이메일 비서 간 전파(Morris II 웜) • [ATLAS CS0035·실증] 공개 채널 게시글의 간접 인젝션으로 Slack AI가 비공개 채널 데이터 유출 | Q42: 수집원 신뢰등급·서명, 색인 전 검증, 검색 결과 출처 표시, 임베딩 모델 자체 검증
A43: D03. AI 데이터 오염 및 유출 | B43: UT-10 | C43: 지식원(RAG) 오염 | D43: UT-10.2 | E43: 에이전트 조회 데이터 오염 | F43: 에이전트 도구가 조회하는 DB/문서 저장소/검색 색인에 악성 지시나 허위 데이터를 기록하여, 도구 호출 결과를 통해 에이전트 행위 조작 | G43: 하 | H43: 상 | I43: =IF(AND(G43="상",H43="상"),"매우 높음",IF(OR(AND(G43="상",H43="중"),AND(G43="중",H43="상")),"높음",IF(OR(AND(G43="중",H43="중"),AND(G43="상",H43="하"),AND(G43="하",H43="상")),"보통","낮음"))) | J43: 도구 결과 신뢰를 통한 에이전트 행위 조작 | K43: 이론·시나리오 | L43: 0 | M43: 지속성(Persistence) | N43: T0099 | O43: ASI06 | P43: — (근거 사례 없음: OWASP 위험 정의 기반) | Q43: 수집원 신뢰등급·서명, 색인 전 검증, 검색 결과 출처 표시, 임베딩 모델 자체 검증
A44: D03. AI 데이터 오염 및 유출 | B44: UT-10 | C44: 지식원(RAG) 오염 | D44: UT-10.3 | E44: 임베딩 공간 조작 | F44: 임베딩 유사도를 노린 문서 조작 또는 시맨틱 캐시 오염을 통해 검색 순위를 장악하여 특정 질의에 공격자 콘텐츠가 우선 반환되도록 유도 | G44: 하 | H44: 중 | I44: =IF(AND(G44="상",H44="상"),"매우 높음",IF(OR(AND(G44="상",H44="중"),AND(G44="중",H44="상")),"높음",IF(OR(AND(G44="중",H44="중"),AND(G44="상",H44="하"),AND(G44="하",H44="상")),"보통","낮음"))) | J44: 특정 질의 검색 결과 장악 | K44: 이론·시나리오 | L44: 0 | M44: 지속성(Persistence) | O44: LLM09 | P44: • [OWASP 시나리오] 임베딩 유사도를 노린 공개 수집 파이프라인 공격(LLM09 시나리오#1) | Q44: 수집원 신뢰등급·서명, 색인 전 검증, 검색 결과 출처 표시, 임베딩 모델 자체 검증
A45: D03. AI 데이터 오염 및 유출 | B45: UT-11 | C45: 에이전트 메모리 오염 | D45: UT-11.1 | E45: 장기 메모리 오염 | F45: 공유 문서/웹 콘텐츠의 인젝션을 통해 에이전트 장기 메모리에 허위 사실이나 지속 지시를 기록하여, 이후 모든 세션에서 오염된 기억 기반으로 응답/행위 | G45: 중 | H45: 상 | I45: =IF(AND(G45="상",H45="상"),"매우 높음",IF(OR(AND(G45="상",H45="중"),AND(G45="중",H45="상")),"높음",IF(OR(AND(G45="중",H45="중"),AND(G45="상",H45="하"),AND(G45="하",H45="상")),"보통","낮음"))) | J45: 세션 간 지속되는 행위 장악(C2 연계 사례) | K45: 실제 사고 확인 | L45: 1 | M45: 지속성(Persistence) | N45: T0080, T0080.000 | O45: ASI06 | P45: • [ATLAS CS0072·실제사고] 조작된 AI 비서 링크로 메모리를 오염시켜 특정 제품을 추천하게 만드는 홍보성 공격(실제 사고) • [ATLAS CS0040·실증] 공유 문서의 인젝션으로 ChatGPT 장기 메모리에 허위 정보를 영구 기록 • [ATLAS CS0036·실증] LLM 데스크톱 앱 메모리에서 인증 토큰을 추출해 사용자 가장(AIKatz) | Q45: 메모리 쓰기 검증·출처 점수, 사용자·작업별 메모리 분리, 스냅샷·롤백, 에이전트 출력의 자동 재수집 금지
A46: D03. AI 데이터 오염 및 유출 | B46: UT-11 | C46: 에이전트 메모리 오염 | D46: UT-11.2 | E46: 대화 스레드 오염 | F46: 진행 중인 대화 스레드에 조작 지시를 삽입하여 동일 세션 내 후속 응답과 도구 호출을 지속적으로 왜곡 | G46: 중 | H46: 중 | I46: =IF(AND(G46="상",H46="상"),"매우 높음",IF(OR(AND(G46="상",H46="중"),AND(G46="중",H46="상")),"높음",IF(OR(AND(G46="중",H46="중"),AND(G46="상",H46="하"),AND(G46="하",H46="상")),"보통","낮음"))) | J46: 단일 대화 범위 왜곡 | K46: 실증·공개 취약점 | L46: 0 | M46: 지속성(Persistence) | N46: T0080.001 | O46: ASI06 | P46: • [ATLAS CS0036·실증] LLM 데스크톱 앱 메모리에서 인증 토큰을 추출해 사용자 가장(AIKatz) • [ATLAS CS0051·실증] 웹페이지 인젝션으로 OpenClaw에 지속 지시를 심어 C2로 활용 • [ATLAS CS0063·실증] 캘린더 초대·메일에 숨긴 지시로 Gemini 비서가 기기·앱을 조작 | Q46: 메모리 쓰기 검증·출처 점수, 사용자·작업별 메모리 분리, 스냅샷·롤백, 에이전트 출력의 자동 재수집 금지
A47: D03. AI 데이터 오염 및 유출 | B47: UT-11 | C47: 에이전트 메모리 오염 | D47: UT-11.3 | E47: 대화 이력 조작 | F47: 대화 이력을 변조/삭제하여 공격 흔적을 은폐하거나 과거 맥락을 위조함으로써 사용자 및 모니터링의 이상 인지 방해 | G47: 중 | H47: 중 | I47: =IF(AND(G47="상",H47="상"),"매우 높음",IF(OR(AND(G47="상",H47="중"),AND(G47="중",H47="상")),"높음",IF(OR(AND(G47="중",H47="중"),AND(G47="상",H47="하"),AND(G47="하",H47="상")),"보통","낮음"))) | J47: 공격 흔적 은폐 및 이상 인지 방해 | K47: 실증·공개 취약점 | L47: 0 | M47: 방어 회피(Defense Evasion) | N47: T0092 | O47: ASI06 | P47: • [ATLAS CS0036·실증] LLM 데스크톱 앱 메모리에서 인증 토큰을 추출해 사용자 가장(AIKatz) • [ATLAS CS0048·실증] 인터넷에 노출된 ClawdBot 제어 인터페이스 수백 개에서 자격증명 탈취·명령 실행 | Q47: 메모리 쓰기 검증·출처 점수, 사용자·작업별 메모리 분리, 스냅샷·롤백, 에이전트 출력의 자동 재수집 금지
A48: D03. AI 데이터 오염 및 유출 | B48: UT-11 | C48: 에이전트 메모리 오염 | D48: UT-11.4 | E48: 공유 메모리 오염 | F48: 다중 에이전트가 공유하는 메모리/컨텍스트 저장소에 허위 정책 또는 사실을 기록하여 다른 에이전트의 판단까지 연쇄 오염 | G48: 하 | H48: 중 | I48: =IF(AND(G48="상",H48="상"),"매우 높음",IF(OR(AND(G48="상",H48="중"),AND(G48="중",H48="상")),"높음",IF(OR(AND(G48="중",H48="중"),AND(G48="상",H48="하"),AND(G48="하",H48="상")),"보통","낮음"))) | J48: 다중 에이전트 판단 오염(무결성 훼손) | K48: 이론·시나리오 | L48: 0 | M48: 지속성(Persistence) | O48: ASI06 | P48: • [OWASP 시나리오] 공유 메모리에 가짜 환불 정책을 삽입해 다른 에이전트가 재사용(ASI06 시나리오#4) | Q48: 메모리 쓰기 검증·출처 점수, 사용자·작업별 메모리 분리, 스냅샷·롤백, 에이전트 출력의 자동 재수집 금지
A49: D03. AI 데이터 오염 및 유출 | B49: UT-12 | C49: 민감정보 노출 | D49: UT-12.1 | E49: 학습 데이터 암기 출력 | F49: 학습 데이터에 포함된 개인정보/비밀정보를 모델이 암기하여, 반복 토큰 등 특정 질의 패턴에 원문 그대로 출력 | G49: 중 | H49: 중 | I49: =IF(AND(G49="상",H49="상"),"매우 높음",IF(OR(AND(G49="상",H49="중"),AND(G49="중",H49="상")),"높음",IF(OR(AND(G49="중",H49="중"),AND(G49="상",H49="하"),AND(G49="하",H49="상")),"보통","낮음"))) | J49: 암기 데이터 단편 노출(대량 추출 난이도 높음) | K49: 실증·공개 취약점 | L49: 0 | M49: 유출(Exfiltration) | N49: T0057 | O49: LLM02, DSGAI01 | P49: • [ATLAS CS0024·실증] RAG를 매개로 자기복제 프롬프트가 GenAI 이메일 비서 간 전파(Morris II 웜) • [ATLAS CS0067·실증] Claude Code GitHub Action이 인젝션으로 저장소 비밀값을 노출 | Q49: 학습·색인 전 비식별화, 문서별 ACL 기반 검색, 입·출력 DLP(멀티모달 포함), 필요 최소 컨텍스트
A50: D03. AI 데이터 오염 및 유출 | B50: UT-12 | C50: 민감정보 노출 | D50: UT-12.2 | E50: 검색 권한 과다 노출 | F50: RAG/에이전트 도구의 검색 범위가 사용자 권한보다 넓게 설정되어, 일반 질의만으로 열람 권한 없는 문서/데이터가 응답에 포함 | G50: 중 | H50: 상 | I50: =IF(AND(G50="상",H50="상"),"매우 높음",IF(OR(AND(G50="상",H50="중"),AND(G50="중",H50="상")),"높음",IF(OR(AND(G50="중",H50="중"),AND(G50="상",H50="하"),AND(G50="하",H50="상")),"보통","낮음"))) | J50: 열람 권한 밖 중요정보 대량 노출 | K50: 실증·공개 취약점 | L50: 0 | M50: 수집(Collection) | N50: T0085, T0085.000, T0085.001 | O50: LLM02, DSGAI01 | P50: • [ATLAS CS0035·실증] 공개 채널 게시글의 간접 인젝션으로 Slack AI가 비공개 채널 데이터 유출 • [ATLAS CS0037·실증] Copilot Studio 고객지원 에이전트를 인젝션해 지식원·도구를 탐색하고 CRM 데이터 유출 • [ATLAS CS0038·실증] 지시 실행을 다음 대화 턴으로 지연시켜 Gemini의 도구 호출 제한 우회 • [OWASP 인용] CVE-2026-0612 The Librarian 정보 유출 취약점 | Q50: 학습·색인 전 비식별화, 문서별 ACL 기반 검색, 입·출력 DLP(멀티모달 포함), 필요 최소 컨텍스트
A51: D03. AI 데이터 오염 및 유출 | B51: UT-12 | C51: 민감정보 노출 | D51: UT-12.3 | E51: 프롬프트 과다 공유 | F51: 업무 처리에 불필요한 전체 고객 기록/내부 문서를 프롬프트에 포함하여 외부 AI 제공자 및 하위 처리자에게 전송함으로써 조직 통제 밖으로 데이터 유출 | G51: 하 | H51: 중 | I51: =IF(AND(G51="상",H51="상"),"매우 높음",IF(OR(AND(G51="상",H51="중"),AND(G51="중",H51="상")),"높음",IF(OR(AND(G51="중",H51="중"),AND(G51="상",H51="하"),AND(G51="하",H51="상")),"보통","낮음"))) | J51: 외부 제공자 범위 노출(계약 통제 가능) | K51: 이론·시나리오 | L51: 0 | M51: 해당 없음(구조적 결함) | O51: DSGAI15 | P51: • [OWASP 시나리오] 잔액 조회마다 전체 KYC 파일을 프롬프트에 포함한 뱅킹 비서(DSGAI15 시나리오) | Q51: 학습·색인 전 비식별화, 문서별 ACL 기반 검색, 입·출력 DLP(멀티모달 포함), 필요 최소 컨텍스트
A52: D03. AI 데이터 오염 및 유출 | B52: UT-12 | C52: 민감정보 노출 | D52: UT-12.4 | E52: 멀티모달 입력 노출 | F52: 스크린샷/문서 이미지/음성 등 멀티모달 입력에 포함된 민감정보가 텍스트 기반 DLP를 우회하여 AI 서비스 및 로그로 전달 | G52: 하 | H52: 중 | I52: =IF(AND(G52="상",H52="상"),"매우 높음",IF(OR(AND(G52="상",H52="중"),AND(G52="중",H52="상")),"높음",IF(OR(AND(G52="중",H52="중"),AND(G52="상",H52="하"),AND(G52="하",H52="상")),"보통","낮음"))) | J52: 텍스트 DLP 우회 노출(입력 범위) | K52: 이론·시나리오 | L52: 0 | M52: 해당 없음(구조적 결함) | O52: DSGAI09 | P52: • [OWASP 시나리오] API 키가 보이는 관리자 화면 스크린샷을 AI에 공유(DSGAI09 시나리오) | Q52: 학습·색인 전 비식별화, 문서별 ACL 기반 검색, 입·출력 DLP(멀티모달 포함), 필요 최소 컨텍스트
A53: D03. AI 데이터 오염 및 유출 | B53: UT-13 | C53: 사용자 간 데이터 격리 실패 | D53: UT-13.1 | E53: 세션 간 데이터 혼입 | F53: KV 캐시/세션 상태/공유 대화 컨텍스트의 격리 결함으로 한 사용자의 프롬프트와 응답이 다른 사용자 세션에 노출 | G53: 중 | H53: 중 | I53: =IF(AND(G53="상",H53="상"),"매우 높음",IF(OR(AND(G53="상",H53="중"),AND(G53="중",H53="상")),"높음",IF(OR(AND(G53="중",H53="중"),AND(G53="상",H53="하"),AND(G53="하",H53="상")),"보통","낮음"))) | J53: 타 사용자 대화 일부 노출(비의도적, 범위 가변) | K53: 실증·공개 취약점 | L53: 0 | M53: 수집(Collection) | O53: DSGAI11, MCP10 | P53: • [OWASP 인용] CVE-2025-6515 oatpp-mcp 세션 식별자 결함 • [OWASP 시나리오] 공유 추론 상태 결함으로 타 사용자의 의료 서신 노출(LLM02 시나리오#2) | Q53: 검색 전 테넌트 필터, 테넌트별 인덱스·캐시 분리, 벡터 DB 인증·암호화·내보내기 제한
A54: D03. AI 데이터 오염 및 유출 | B54: UT-13 | C54: 사용자 간 데이터 격리 실패 | D54: UT-13.2 | E54: 테넌트 간 인덱스 유출 | F54: 공유 벡터 인덱스의 검색 후 필터링 구조로 인해 다른 테넌트 데이터가 검색 결과/유사도 점수/응답 지연을 통해 노출 | G54: 하 | H54: 상 | I54: =IF(AND(G54="상",H54="상"),"매우 높음",IF(OR(AND(G54="상",H54="중"),AND(G54="중",H54="상")),"높음",IF(OR(AND(G54="중",H54="중"),AND(G54="상",H54="하"),AND(G54="하",H54="상")),"보통","낮음"))) | J54: 타 고객사 데이터 노출(다수 테넌트) | K54: 이론·시나리오 | L54: 0 | M54: 수집(Collection) | O54: LLM09 | P54: • [OWASP 시나리오] 공유 벡터 인덱스의 교차 테넌트 추론(LLM09 시나리오#2), 로펌 간 공유 RAG 인덱스 유출(LLM02 시나리오#5) | Q54: 검색 전 테넌트 필터, 테넌트별 인덱스·캐시 분리, 벡터 DB 인증·암호화·내보내기 제한
A55: D03. AI 데이터 오염 및 유출 | B55: UT-13 | C55: 사용자 간 데이터 격리 실패 | D55: UT-13.3 | E55: 벡터 DB 플랫폼 취약점 | F55: 벡터 DB의 인증 미적용/기본 설정/경로 탐색 취약점을 악용하여 임베딩 및 원문 데이터 대량 탈취 또는 서버 장악 | G55: 중 | H55: 상 | I55: =IF(AND(G55="상",H55="상"),"매우 높음",IF(OR(AND(G55="상",H55="중"),AND(G55="중",H55="상")),"높음",IF(OR(AND(G55="중",H55="중"),AND(G55="상",H55="하"),AND(G55="하",H55="상")),"보통","낮음"))) | J55: 임베딩/원문 대량 탈취 및 서버 장악(RCE) | K55: 실증·공개 취약점 | L55: 0 | M55: 초기 접근(Initial Access) | O55: DSGAI13 | P55: • [OWASP 인용] Qdrant CVE-2024-3584·CVE-2024-3829 / Milvus CVE-2025-64513 / RAGFlow CVE-2025-69286 | Q55: 검색 전 테넌트 필터, 테넌트별 인덱스·캐시 분리, 벡터 DB 인증·암호화·내보내기 제한
A56: D04. 모델 조작 및 탈취 | B56: UT-14 | C56: 모델 변조(백도어 삽입) | D56: UT-14.1 | E56: 가중치 조작 | F56: 모델 가중치를 직접 편집하거나 오염 데이터로 추가 학습하여, 일반 성능은 유지한 채 특정 질의에만 허위 응답/악성 동작을 수행하는 모델 생성 | G56: 중 | H56: 중 | I56: =IF(AND(G56="상",H56="상"),"매우 높음",IF(OR(AND(G56="상",H56="중"),AND(G56="중",H56="상")),"높음",IF(OR(AND(G56="중",H56="중"),AND(G56="상",H56="하"),AND(G56="하",H56="상")),"보통","낮음"))) | J56: 특정 질의 대상 허위 응답(무결성 훼손) | K56: 실사용 기법 포함 | L56: 0 | M56: 지속성(Persistence) | N56: T0018, T0018.000 | O56: LLM05, DSGAI04 | P56: • [ATLAS CS0019·실증] LLM 가중치를 편집해 허위 사실을 답하게 만든 뒤 Hugging Face에 배포(PoisonGPT) • [ATLAS CS0027·실증] 실존 기업을 사칭한 Hugging Face 조직 계정으로 악성 모델 유포 • [ATLAS CS0028·실증] 노출된 사설 컨테이너 레지스트리 8천여 개 발견, 모델 이미지 변조 가능성 입증 | Q56: 아티팩트 서명·해시 검증, 안전 포맷 사용 및 로딩 격리, 배포 전 모델 검증·백도어 스캔
A57: D04. 모델 조작 및 탈취 | B57: UT-14 | C57: 모델 변조(백도어 삽입) | D57: UT-14.2 | E57: 모델 구조 변조 | F57: 모델 아키텍처/로딩 코드 변경 또는 모델 파일 내 악성 코드 삽입을 통해 모델 로딩 시점에 임의 코드 실행 또는 백도어 동작 활성화 | G57: 중 | H57: 상 | I57: =IF(AND(G57="상",H57="상"),"매우 높음",IF(OR(AND(G57="상",H57="중"),AND(G57="중",H57="상")),"높음",IF(OR(AND(G57="중",H57="중"),AND(G57="상",H57="하"),AND(G57="하",H57="상")),"보통","낮음"))) | J57: 모델 로딩 시 호스트 코드 실행 | K57: 실제 사고 확인 | L57: 1 | M57: 지속성(Persistence) | N57: T0018.001, T0018.002, T0076, T0112.001 | O57: DSGAI04 | P57: • [ATLAS CS0013·실증] 모바일 앱에서 추출한 딥러닝 모델에 백도어 삽입 후 재패키징 • [ATLAS CS0031·실제사고] Hugging Face에 역쉘을 내장한 악성 모델 호스팅(실제 사고) • [ATLAS CS0027·실증] 실존 기업을 사칭한 Hugging Face 조직 계정으로 악성 모델 유포 | Q57: 아티팩트 서명·해시 검증, 안전 포맷 사용 및 로딩 격리, 배포 전 모델 검증·백도어 스캔
A58: D04. 모델 조작 및 탈취 | B58: UT-14 | C58: 모델 변조(백도어 삽입) | D58: UT-14.3 | E58: 추론 템플릿 변조 | F58: 채팅 템플릿(예: GGUF)/프롬프트 구성 로직에 조건부 지시를 삽입하여 가중치 변경 없이 추론 시점에 백도어 동작 유발 | G58: 중 | H58: 중 | I58: =IF(AND(G58="상",H58="상"),"매우 높음",IF(OR(AND(G58="상",H58="중"),AND(G58="중",H58="상")),"높음",IF(OR(AND(G58="중",H58="중"),AND(G58="상",H58="하"),AND(G58="하",H58="상")),"보통","낮음"))) | J58: 가중치 변경 없는 응답 조작(무결성 훼손) | K58: 실증·공개 취약점 | L58: 0 | M58: 지속성(Persistence) | N58: T0018.003 | O58: LLM05 | P58: • [ATLAS CS0064·실증] GGUF 채팅 템플릿을 오염시켜 가중치 변경 없이 추론 시점 백도어 구현 | Q58: 아티팩트 서명·해시 검증, 안전 포맷 사용 및 로딩 격리, 배포 전 모델 검증·백도어 스캔
A59: D04. 모델 조작 및 탈취 | B59: UT-14 | C59: 모델 변조(백도어 삽입) | D59: UT-14.4 | E59: 백도어 트리거 활성화 | F59: 학습 단계에서 심어진 백도어를 특정 패턴(이미지 패치/키워드)이 포함된 입력으로 활성화하여 공격자 지정 출력 유도 | G59: 중 | H59: 중 | I59: =IF(AND(G59="상",H59="상"),"매우 높음",IF(OR(AND(G59="상",H59="중"),AND(G59="중",H59="상")),"높음",IF(OR(AND(G59="중",H59="중"),AND(G59="상",H59="하"),AND(G59="하",H59="상")),"보통","낮음"))) | J59: 트리거 조건 범위 내 오작동 | K59: 실증·공개 취약점 | L59: 0 | M59: AI 공격 적응(AI Attack Adaptation) | N59: T0043.004 | O59: LLM05 | P59: • [ATLAS CS0013·실증] 모바일 앱에서 추출한 딥러닝 모델에 백도어 삽입 후 재패키징 • [OWASP 시나리오] 백도어 트리거를 포함한 입력으로 오염 모델 활성화(ATLAS T0043.004 기법 정의) | Q59: 아티팩트 서명·해시 검증, 안전 포맷 사용 및 로딩 격리, 배포 전 모델 검증·백도어 스캔
A60: D04. 모델 조작 및 탈취 | B60: UT-15 | C60: 모델을 이용한 데이터 추론 공격 | D60: UT-15.1 | E60: 멤버십 추론 | F60: 모델 응답의 확신도/손실 패턴을 분석하여 특정 개인/레코드의 학습 데이터 포함 여부를 판별 | G60: 중 | H60: 중 | I60: =IF(AND(G60="상",H60="상"),"매우 높음",IF(OR(AND(G60="상",H60="중"),AND(G60="중",H60="상")),"높음",IF(OR(AND(G60="중",H60="중"),AND(G60="상",H60="하"),AND(G60="하",H60="상")),"보통","낮음"))) | J60: 특정 개인 단위 프라이버시 침해 | K60: 실사용 기법 포함 | L60: 0 | M60: 유출(Exfiltration) | N60: T0024, T0024.000 | O60: LLM02, DSGAI18 | P60: • [OWASP 시나리오] 임상 파인튜닝 모델에서 특정 환자의 학습 포함 여부 추론(LLM02 시나리오#8) | Q60: 차등프라이버시 학습, 출력 확률 난독화, 쿼리량 제한, 멤버십 추론 감사
A61: D04. 모델 조작 및 탈취 | B61: UT-15 | C61: 모델을 이용한 데이터 추론 공격 | D61: UT-15.2 | E61: 원본 복원(역전) 공격 | F61: 모델 출력 또는 유출된 임베딩 벡터를 역산하여 학습 데이터/원문 텍스트를 복원 | G61: 하 | H61: 중 | I61: =IF(AND(G61="상",H61="상"),"매우 높음",IF(OR(AND(G61="상",H61="중"),AND(G61="중",H61="상")),"높음",IF(OR(AND(G61="중",H61="중"),AND(G61="상",H61="하"),AND(G61="하",H61="상")),"보통","낮음"))) | J61: 원문 복원(임베딩 대량 유출 시 피해 확대) | K61: 이론·시나리오 | L61: 0 | M61: 유출(Exfiltration) | N61: T0024.001 | O61: DSGAI18 | P61: • [OWASP 시나리오] 유출된 '임베딩 전용' 백업이 역전 공격으로 원문 유출(LLM02 시나리오#6) | Q61: 차등프라이버시 학습, 출력 확률 난독화, 쿼리량 제한, 멤버십 추론 감사
A62: D04. 모델 조작 및 탈취 | B62: UT-15 | C62: 모델을 이용한 데이터 추론 공격 | D62: UT-15.3 | E62: 부채널 추론 | F62: 응답 길이/토큰 스트리밍 패턴/응답 지연 등 부가 정보를 관찰하여 암호화된 대화의 주제나 모델 내부 상태 추론 | G62: 중 | H62: 하 | I62: =IF(AND(G62="상",H62="상"),"매우 높음",IF(OR(AND(G62="상",H62="중"),AND(G62="중",H62="상")),"높음",IF(OR(AND(G62="중",H62="중"),AND(G62="상",H62="하"),AND(G62="하",H62="상")),"보통","낮음"))) | J62: 대화 주제 수준 추론(노출 제한적) | K62: 실증·공개 취약점 | L62: 0 | M62: 탐색(Discovery) | N62: T0063 | O62: LLM02 | P62: • [ATLAS CS0003·실증] Cylance AI 악성코드 탐지기의 판단 로직을 분석해 범용 우회 문자열 생성 • [ATLAS CS0008·실증] ProofPoint 이메일 보호 모델의 복제본을 만들어 실서비스 탐지 회피 • [OWASP 시나리오] 암호화 스트리밍 응답 패턴으로 질의 주제 추론(Whisper Leak, LLM02 시나리오#7) | Q62: 차등프라이버시 학습, 출력 확률 난독화, 쿼리량 제한, 멤버십 추론 감사
A63: D04. 모델 조작 및 탈취 | B63: UT-16 | C63: 모델 탈취 | D63: UT-16.1 | E63: 질의 기반 모델 복제 | F63: 대량 API 질의 결과를 학습 데이터로 활용하여 대상 모델 기능을 복제한 대리 모델을 구축하고, 지식재산 탈취 및 화이트박스 공격 준비에 활용 | G63: 중 | H63: 중 | I63: =IF(AND(G63="상",H63="상"),"매우 높음",IF(OR(AND(G63="상",H63="중"),AND(G63="중",H63="상")),"높음",IF(OR(AND(G63="중",H63="중"),AND(G63="상",H63="하"),AND(G63="하",H63="상")),"보통","낮음"))) | J63: 지식재산 손실(시스템 통제 영향 없음) | K63: 실제 사고 확인 | L63: 1 | M63: 유출(Exfiltration) | N63: T0024.002, T0005, T0005.000, T0005.001, T0005.002 | O63: DSGAI20 | P63: • [ATLAS CS0056·실제사고] 약 2.4만 계정·1,600만 쿼리로 Claude 능력을 증류하려는 캠페인 적발(실제 사고) • [ATLAS CS0005·실증] 번역 API 질의로 모델을 복제하고 적대적 예제를 원 서비스에 전이 • [ATLAS CS0007·실증] 공개 정보로 GPT-2 규모 모델을 재현(모델 복제) | Q63: 쿼리량·패턴 제한, 증류 캠페인 탐지, 워터마킹, 모델 아티팩트 암호화·접근통제
A64: D04. 모델 조작 및 탈취 | B64: UT-16 | C64: 모델 탈취 | D64: UT-16.2 | E64: 모델 파일 탈취 | F64: 앱 패키지/모델 저장소/학습 클러스터에서 모델 가중치 및 데이터셋 등 AI 아티팩트 파일을 직접 수집하여 반출 | G64: 중 | H64: 상 | I64: =IF(AND(G64="상",H64="상"),"매우 높음",IF(OR(AND(G64="상",H64="중"),AND(G64="중",H64="상")),"높음",IF(OR(AND(G64="중",H64="중"),AND(G64="상",H64="하"),AND(G64="하",H64="상")),"보통","낮음"))) | J64: 핵심 모델 자산 및 학습 데이터 일괄 탈취 | K64: 실제 사고 확인 | L64: 1 | M64: 수집(Collection) | N64: T0035 | O64: DSGAI20 | P64: • [ATLAS CS0058·실증] Google Photos 앱에서 암호화되지 않은 TFLite 모델을 추출 • [ATLAS CS0023·실제사고] 인증 없는 Ray 클러스터를 탈취해 연산자원·자격증명·모델 탈취(ShadowRay, 실제 사고) • [ATLAS CS0010·실증] 레드팀이 기존 침투기법과 AI 회피를 결합해 Azure 내부 서비스 중단 시연 | Q64: 쿼리량·패턴 제한, 증류 캠페인 탐지, 워터마킹, 모델 아티팩트 암호화·접근통제
A65: D04. 모델 조작 및 탈취 | B65: UT-17 | C65: 예측 AI 회피 공격 | D65: UT-17.1 | E65: 디지털 적대적 예제 | F65: 모델 경사 정보/대리 모델/반복 질의로 최적화한 미세 섭동 입력을 생성하여 탐지/분류 모델의 오판(예: 악성코드를 정상으로 분류) 유도 | G65: 상 | H65: 중 | I65: =IF(AND(G65="상",H65="상"),"매우 높음",IF(OR(AND(G65="상",H65="중"),AND(G65="중",H65="상")),"높음",IF(OR(AND(G65="중",H65="중"),AND(G65="상",H65="하"),AND(G65="하",H65="상")),"보통","낮음"))) | J65: 특정 판단 단위 오분류(보안 탐지 우회 시 피해 확대) | K65: 실제 사고 확인 | L65: 6 | M65: 방어 회피(Defense Evasion) | N65: T0015, T0043, T0043.000, T0043.001, T0043.002, T0043.003, T0042 | P65: • [ATLAS CS0004·실제사고] 카메라 영상 주입으로 얼굴인식 인증을 우회해 세금 사기(실제 사고) • [ATLAS CS0017·실제사고] ID.me 자동 신원확인을 우회해 180건 이상 허위 실업급여 청구(실제 사고) • [ATLAS CS0032·실제사고] 피싱 사이트가 ML 기반 피싱 탐지기를 회피하도록 시각 요소 변형(실제 사고) | Q65: 적대적 학습·모델 강건화, 입력 복원, 앙상블·다중센서 융합, 적대적 입력 탐지
A66: D04. 모델 조작 및 탈취 | B66: UT-17 | C66: 예측 AI 회피 공격 | D66: UT-17.2 | E66: 물리적 적대적 객체 | F66: 패치/안경/표지 등 물리적 대응물을 실제 환경에 배치하여 카메라 기반 인식 모델(얼굴인식/자율주행)의 오인식 유발 | G66: 중 | H66: 중 | I66: =IF(AND(G66="상",H66="상"),"매우 높음",IF(OR(AND(G66="상",H66="중"),AND(G66="중",H66="상")),"높음",IF(OR(AND(G66="중",H66="중"),AND(G66="상",H66="하"),AND(G66="하",H66="상")),"보통","낮음"))) | J66: 물리 보안 및 안전 영향(국지적) | K66: 실증·공개 취약점 | L66: 0 | M66: 방어 회피(Defense Evasion) | N66: T0041 | P66: • [ATLAS CS0012·실증] 물리적 대응물로 상용 얼굴식별 서비스에 표적 오분류 유도 • [ATLAS CS0013·실증] 모바일 앱에서 추출한 딥러닝 모델에 백도어 삽입 후 재패키징 | Q66: 적대적 학습·모델 강건화, 입력 복원, 앙상블·다중센서 융합, 적대적 입력 탐지
A67: D05. 출력 처리 결함 및 신뢰성 훼손 | B67: UT-18 | C67: 부적절한 출력 처리 | D67: UT-18.1 | E67: 렌더링 해석기 공격 | F67: 모델 출력의 HTML/마크다운/ANSI 제어문자가 브라우저/터미널/IDE에서 해석되어 스크립트 실행, 화면 위조, 세션 탈취 유발 | G67: 중 | H67: 중 | I67: =IF(AND(G67="상",H67="상"),"매우 높음",IF(OR(AND(G67="상",H67="중"),AND(G67="중",H67="상")),"높음",IF(OR(AND(G67="중",H67="중"),AND(G67="상",H67="하"),AND(G67="하",H67="상")),"보통","낮음"))) | J67: 세션 탈취 등 사용자 단위 피해 | K67: 실증·공개 취약점 | L67: 0 | M67: 실행(Execution) | N67: T0077 | O67: LLM10 | P67: • [ATLAS CS0060·실증] Lenovo 챗봇이 생성한 악성 HTML이 상담원 브라우저에서 실행되어 세션 쿠키 탈취(XSS) • [ATLAS CS0021·실증] 웹페이지 간접 인젝션으로 ChatGPT 대화 내용을 이미지 URL로 유출 • [ATLAS CS0029·실증] 공유 Google 문서의 간접 인젝션으로 Bard 대화 내용 유출 | Q67: 출력 대상 시스템별 인코딩과 이스케이프, 쿼리 파라미터화·읽기전용 계정, 외부 리소스 자동 로딩 차단, 모델 독립적 출력 보안 계층
A68: D05. 출력 처리 결함 및 신뢰성 훼손 | B68: UT-18 | C68: 부적절한 출력 처리 | D68: UT-18.2 | E68: DB 질의 생성 공격 | F68: 자연어를 SQL/그래프 질의로 변환하는 기능에 조작 입력을 주입하여, 검증 없이 실행된 질의로 대량 조회/변경/삭제 수행 | G68: 중 | H68: 상 | I68: =IF(AND(G68="상",H68="상"),"매우 높음",IF(OR(AND(G68="상",H68="중"),AND(G68="중",H68="상")),"높음",IF(OR(AND(G68="중",H68="중"),AND(G68="상",H68="하"),AND(G68="하",H68="상")),"보통","낮음"))) | J68: DB 전체 조회/변경/삭제 가능 | K68: 실사용 기법 포함 | L68: 0 | M68: 실행(Execution) | O68: LLM10, DSGAI12 | P68: • [OWASP 인용] LangChain GraphCypherQAChain CVE-2024-8309 / CVE-2024-7042 • [OWASP 시나리오] 채팅형 SQL 기능의 생성 쿼리가 검증 없이 실행되어 테이블 삭제(LLM10 시나리오#3) | Q68: 출력 대상 시스템별 인코딩과 이스케이프, 쿼리 파라미터화·읽기전용 계정, 외부 리소스 자동 로딩 차단, 모델 독립적 출력 보안 계층
A69: D05. 출력 처리 결함 및 신뢰성 훼손 | B69: UT-18 | C69: 부적절한 출력 처리 | D69: UT-18.3 | E69: 생성 코드의 무검증 사용 | F69: 모델이 생성한 코드/이메일 템플릿/설정을 검토 없이 배포하거나 후속 시스템에 전달하여 취약 코드 및 악성 구문이 운영 환경에 반영 | G69: 중 | H69: 중 | I69: =IF(AND(G69="상",H69="상"),"매우 높음",IF(OR(AND(G69="상",H69="중"),AND(G69="중",H69="상")),"높음",IF(OR(AND(G69="중",H69="중"),AND(G69="상",H69="하"),AND(G69="하",H69="상")),"보통","낮음"))) | J69: 취약 코드 및 악성 구문의 운영 반영 | K69: 실증·공개 취약점 | L69: 0 | M69: 실행(Execution) | O69: LLM10 | P69: • [ATLAS CS0052·실증] 11개 LLM 프레임워크에서 20개 RCE 취약점 발견, 인터넷 공개 앱에서 실증(LLMSmith) • [OWASP 시나리오] 생성 코드·템플릿을 검토 없이 배포하여 취약점 반영(LLM10 시나리오#5·#6) | Q69: 출력 대상 시스템별 인코딩과 이스케이프, 쿼리 파라미터화·읽기전용 계정, 외부 리소스 자동 로딩 차단, 모델 독립적 출력 보안 계층
A70: D05. 출력 처리 결함 및 신뢰성 훼손 | B70: UT-19 | C70: AI를 통한 데이터 반출 | D70: UT-19.1 | E70: 렌더링 채널 반출 | F70: 인젝션된 지시로 민감정보를 외부 이미지 URL/링크 파라미터에 삽입하게 하여, 클라이언트 자동 렌더링 시점에 사용자 조작 없이 데이터 반출 | G70: 중 | H70: 상 | I70: =IF(AND(G70="상",H70="상"),"매우 높음",IF(OR(AND(G70="상",H70="중"),AND(G70="중",H70="상")),"높음",IF(OR(AND(G70="중",H70="중"),AND(G70="상",H70="하"),AND(G70="하",H70="상")),"보통","낮음"))) | J70: 사용자 조작 없는 대량 유출(제로클릭) | K70: 실증·공개 취약점 | L70: 0 | M70: 유출(Exfiltration) | P70: • [ATLAS CS0021·실증] 웹페이지 간접 인젝션으로 ChatGPT 대화 내용을 이미지 URL로 유출 • [ATLAS CS0029·실증] 공유 Google 문서의 간접 인젝션으로 Bard 대화 내용 유출 • [ATLAS CS0035·실증] 공개 채널 게시글의 간접 인젝션으로 Slack AI가 비공개 채널 데이터 유출 | Q70: 외부 URL 렌더링 차단·egress 허용목록, 도구 콜백 대상 검증, 유출 패턴 탐지
A71: D05. 출력 처리 결함 및 신뢰성 훼손 | B71: UT-19 | C71: AI를 통한 데이터 반출 | D71: UT-19.2 | E71: 도구 호출 경유 반출 | F71: 에이전트의 메일 발송/웹 요청/파일 공유 도구 호출 인자에 수집 데이터를 포함시켜 정상 업무 행위로 위장된 외부 전송 수행 | G71: 중 | H71: 상 | I71: =IF(AND(G71="상",H71="상"),"매우 높음",IF(OR(AND(G71="상",H71="중"),AND(G71="중",H71="상")),"높음",IF(OR(AND(G71="중",H71="중"),AND(G71="상",H71="하"),AND(G71="하",H71="상")),"보통","낮음"))) | J71: 정상 업무로 위장된 대량 외부 전송 | K71: 실제 사고 확인 | L71: 1 | M71: 유출(Exfiltration) | N71: T0086 | P71: • [ATLAS CS0053·실제사고] Postmark를 사칭한 악성 MCP 서버가 발송 메일을 몰래 BCC로 유출(실제 사고) • [ATLAS CS0037·실증] Copilot Studio 고객지원 에이전트를 인젝션해 지식원·도구를 탐색하고 CRM 데이터 유출 • [ATLAS CS0039·실증] 외부 사용자가 Jira 티켓에 악성 입력을 넣어 AI가 내부자 권한으로 행위(Living off AI) | Q71: 외부 URL 렌더링 차단·egress 허용목록, 도구 콜백 대상 검증, 유출 패턴 탐지
A72: D05. 출력 처리 결함 및 신뢰성 훼손 | B72: UT-19 | C72: AI를 통한 데이터 반출 | D72: UT-19.3 | E72: 은닉 채널 반출 | F72: DNS 질의/비가시 유니코드 문자 등 모니터링 사각지대 채널에 데이터를 인코딩하여 DLP 및 egress 통제를 우회한 반출 | G72: 하 | H72: 중 | I72: =IF(AND(G72="상",H72="상"),"매우 높음",IF(OR(AND(G72="상",H72="중"),AND(G72="중",H72="상")),"높음",IF(OR(AND(G72="중",H72="중"),AND(G72="상",H72="하"),AND(G72="하",H72="상")),"보통","낮음"))) | J72: 저대역 은닉 유출(탐지 곤란) | K72: 이론·시나리오 | L72: 0 | M72: 유출(Exfiltration) | P72: • [OWASP 시나리오] 코드 런타임이 스프레드시트 내용을 DNS 질의에 인코딩해 반출(LLM02 시나리오#10) | Q72: 외부 URL 렌더링 차단·egress 허용목록, 도구 콜백 대상 검증, 유출 패턴 탐지
A73: D05. 출력 처리 결함 및 신뢰성 훼손 | B73: UT-20 | C73: AI 출력 신뢰성 훼손 | D73: UT-20.1 | E73: 환각에 의한 허위정보 | F73: 근거 없는 사실/수치/인용을 그럴듯하게 생성하여 업무 판단, 고객 안내, 규정 해석에 오류 유발 | G73: 하 | H73: 중 | I73: =IF(AND(G73="상",H73="상"),"매우 높음",IF(OR(AND(G73="상",H73="중"),AND(G73="중",H73="상")),"높음",IF(OR(AND(G73="중",H73="중"),AND(G73="상",H73="하"),AND(G73="하",H73="상")),"보통","낮음"))) | J73: 업무 판단 오류(재무 및 평판 영향) | K73: 이론·시나리오 | L73: 0 | M73: 해당 없음(구조적 결함) | O73: LLM07 | P73: • [OWASP 시나리오] 정책 오독으로 부당 환불 승인, 임상 요약의 금기사항 누락(LLM07 시나리오#2·#3) | Q73: 근거 인용·출처 검증(그라운딩), 신뢰도 표시, 고위험 결정의 독립 검증, 추천 출처 편향 모니터링
A74: D05. 출력 처리 결함 및 신뢰성 훼손 | B74: UT-20 | C74: AI 출력 신뢰성 훼손 | D74: UT-20.2 | E74: 환각 악용 공격 | F74: 모델이 반복적으로 환각하는 패키지명/URL/API를 탐색한 뒤 공격자가 해당 이름을 선점하여 AI 권고를 통해 악성 자원 유포 | G74: 중 | H74: 중 | I74: =IF(AND(G74="상",H74="상"),"매우 높음",IF(OR(AND(G74="상",H74="중"),AND(G74="중",H74="상")),"높음",IF(OR(AND(G74="중",H74="중"),AND(G74="상",H74="하"),AND(G74="하",H74="상")),"보통","낮음"))) | J74: 환각 대상 선점을 통한 악성 자원 유포 기반 | K74: 실증·공개 취약점 | L74: 0 | M74: 탐색(Discovery) | N74: T0062 | O74: LLM07 | P74: • [ATLAS CS0022·실증] LLM이 환각한 가짜 패키지명을 공격자가 선점해 악성 패키지 배포 가능성 입증 | Q74: 근거 인용·출처 검증(그라운딩), 신뢰도 표시, 고위험 결정의 독립 검증, 추천 출처 편향 모니터링
A75: D05. 출력 처리 결함 및 신뢰성 훼손 | B75: UT-20 | C75: AI 출력 신뢰성 훼손 | D75: UT-20.3 | E75: 응답 편향 조작 | F75: 메모리/검색 근거/지시 조작을 통해 AI 응답을 특정 업체/제품/결론 쪽으로 체계적으로 편향시켜 사용자 의사결정 왜곡 | G75: 중 | H75: 중 | I75: =IF(AND(G75="상",H75="상"),"매우 높음",IF(OR(AND(G75="상",H75="중"),AND(G75="중",H75="상")),"높음",IF(OR(AND(G75="중",H75="중"),AND(G75="상",H75="하"),AND(G75="하",H75="상")),"보통","낮음"))) | J75: 사용자 의사결정 왜곡(재무 영향) | K75: 실제 사고 확인 | L75: 1 | M75: 영향(Impact) | N75: T0130 | O75: LLM07 | P75: • [ATLAS CS0072·실제사고] 조작된 AI 비서 링크로 메모리를 오염시켜 특정 제품을 추천하게 만드는 홍보성 공격(실제 사고) • [ATLAS CS0019·실증] LLM 가중치를 편집해 허위 사실을 답하게 만든 뒤 Hugging Face에 배포(PoisonGPT) • [ATLAS CS0026·실증] 메일을 RAG로 수집하는 M365 Copilot을 조작해 송금 계좌 정보를 바꿔치기 | Q75: 근거 인용·출처 검증(그라운딩), 신뢰도 표시, 고위험 결정의 독립 검증, 추천 출처 편향 모니터링
A76: D05. 출력 처리 결함 및 신뢰성 훼손 | B76: UT-20 | C76: AI 출력 신뢰성 훼손 | D76: UT-20.4 | E76: 검증 없는 채택(과신) | F76: AI 출력을 사람 또는 자동화 워크플로가 독립 검증 없이 그대로 채택하여 오류가 업무 결과/고객 응대/시스템 조치로 직접 전파 | G76: 하 | H76: 중 | I76: =IF(AND(G76="상",H76="상"),"매우 높음",IF(OR(AND(G76="상",H76="중"),AND(G76="중",H76="상")),"높음",IF(OR(AND(G76="중",H76="중"),AND(G76="상",H76="하"),AND(G76="하",H76="상")),"보통","낮음"))) | J76: 오류의 업무 결과 직접 전파 | K76: 이론·시나리오 | L76: 0 | M76: 해당 없음(구조적 결함) | O76: LLM07 | P76: • [OWASP 시나리오] 수행하지 않은 백업을 완료로 보고, 정상 트래픽을 침입으로 오판해 자동 대응 발동(LLM07 시나리오#5·#7) | Q76: 근거 인용·출처 검증(그라운딩), 신뢰도 표시, 고위험 결정의 독립 검증, 추천 출처 편향 모니터링
A77: D06. 에이전트 오남용 및 통제 상실 | B77: UT-21 | C77: 과도한 에이전시 | D77: UT-21.1 | E77: 과도한 기능 | F77: 업무 수행에 불필요한 도구/플러그인 기능(예: 요약용 비서의 메일 발송 기능)이 에이전트에 부여되어, 인젝션 시 악용 가능한 행위 범위 확대 | G77: 하 | H77: 중 | I77: =IF(AND(G77="상",H77="상"),"매우 높음",IF(OR(AND(G77="상",H77="중"),AND(G77="중",H77="상")),"높음",IF(OR(AND(G77="중",H77="중"),AND(G77="상",H77="하"),AND(G77="하",H77="상")),"보통","낮음"))) | J77: 악용 시 피해 범위 확대 요인 | K77: 이론·시나리오 | L77: 0 | M77: 해당 없음(구조적 결함) | O77: LLM03 | P77: • [OWASP 시나리오] 메일 요약용 비서가 발송 기능까지 보유해 인젝션 시 받은편지함 전체를 외부로 전달(LLM03 시나리오#1) | Q77: 최소 에이전시·최소권한, 도구별 범위·호출량 제한, 인자 의미 검증, 파괴적 작업 인간 승인
A78: D06. 에이전트 오남용 및 통제 상실 | B78: UT-21 | C78: 과도한 에이전시 | D78: UT-21.2 | E78: 과도한 권한 | F78: 에이전트가 사용자 범위가 아닌 관리자/서비스 전체 권한 계정으로 동작하거나 권한이 점진적으로 확장되어, 단일 오작동이 조직 전체 데이터 접근으로 확대 | G78: 중 | H78: 상 | I78: =IF(AND(G78="상",H78="상"),"매우 높음",IF(OR(AND(G78="상",H78="중"),AND(G78="중",H78="상")),"높음",IF(OR(AND(G78="중",H78="중"),AND(G78="상",H78="하"),AND(G78="하",H78="상")),"보통","낮음"))) | J78: 조직 전체 데이터 접근 권한 노출 | K78: 실증·공개 취약점 | L78: 0 | M78: 해당 없음(구조적 결함) | O78: LLM03, MCP02 | P78: • [ATLAS CS0037·실증] Copilot Studio 고객지원 에이전트를 인젝션해 지식원·도구를 탐색하고 CRM 데이터 유출 • [OWASP 시나리오] 주문 조회용 지원 봇이 결제 API 전체 권한으로 환불까지 실행(ASI02 시나리오#3) | Q78: 최소 에이전시·최소권한, 도구별 범위·호출량 제한, 인자 의미 검증, 파괴적 작업 인간 승인
A79: D06. 에이전트 오남용 및 통제 상실 | B79: UT-21 | C79: 과도한 에이전시 | D79: UT-21.3 | E79: 과도한 자율성 | F79: 결제/삭제/외부 발송 등 고위험 행위를 사람 승인 없이 자율 실행하도록 설계되어 오판 및 조작이 즉시 실제 피해로 전환 | G79: 하 | H79: 중 | I79: =IF(AND(G79="상",H79="상"),"매우 높음",IF(OR(AND(G79="상",H79="중"),AND(G79="중",H79="상")),"높음",IF(OR(AND(G79="중",H79="중"),AND(G79="상",H79="하"),AND(G79="하",H79="상")),"보통","낮음"))) | J79: 승인 부재로 오판이 즉시 실제 피해로 전환 | K79: 이론·시나리오 | L79: 0 | M79: 해당 없음(구조적 결함) | O79: LLM03 | P79: • [OWASP 시나리오] 고위험 작업에 대한 승인 절차 부재(LLM03 위험 예시) | Q79: 최소 에이전시·최소권한, 도구별 범위·호출량 제한, 인자 의미 검증, 파괴적 작업 인간 승인
A80: D06. 에이전트 오남용 및 통제 상실 | B80: UT-21 | C80: 과도한 에이전시 | D80: UT-21.4 | E80: 위험한 도구 연쇄 호출 | F80: 정상 도구들을 조회, 가공, 외부 전송 순으로 연쇄 호출하거나 반복 호출하여 개별 도구 통제로는 탐지되지 않는 데이터 유출/권한 밖 행위 수행 | G80: 중 | H80: 상 | I80: =IF(AND(G80="상",H80="상"),"매우 높음",IF(OR(AND(G80="상",H80="중"),AND(G80="중",H80="상")),"높음",IF(OR(AND(G80="중",H80="중"),AND(G80="상",H80="하"),AND(G80="하",H80="상")),"보통","낮음"))) | J80: 개별 통제 우회형 데이터 유출 및 권한 밖 행위 | K80: 실증·공개 취약점 | L80: 0 | M80: 실행(Execution) | N80: T0053 | O80: ASI02 | P80: • [ATLAS CS0016·실증] MathGPT에 프롬프트 인젝션으로 파이썬 코드 실행·API 키 노출 • [ATLAS CS0021·실증] 웹페이지 간접 인젝션으로 ChatGPT 대화 내용을 이미지 URL로 유출 • [ATLAS CS0024·실증] RAG를 매개로 자기복제 프롬프트가 GenAI 이메일 비서 간 전파(Morris II 웜) | Q80: 최소 에이전시·최소권한, 도구별 범위·호출량 제한, 인자 의미 검증, 파괴적 작업 인간 승인
A81: D06. 에이전트 오남용 및 통제 상실 | B81: UT-21 | C81: 과도한 에이전시 | D81: UT-21.5 | E81: 파괴적 도구 실행 | F81: 에이전트가 조작된 지시 또는 오판에 따라 파일/DB/인프라 삭제 명령을 도구로 실행하여 업무 데이터 및 서비스 파괴 | G81: 상 | H81: 상 | I81: =IF(AND(G81="상",H81="상"),"매우 높음",IF(OR(AND(G81="상",H81="중"),AND(G81="중",H81="상")),"높음",IF(OR(AND(G81="중",H81="중"),AND(G81="상",H81="하"),AND(G81="하",H81="상")),"보통","낮음"))) | J81: 운영 데이터 및 서비스 파괴 | K81: 실제 사고 확인 | L81: 3 | M81: 영향(Impact) | N81: T0101 | O81: ASI02 | P81: • [ATLAS CS0047·실제사고] 과권한 GitHub 토큰으로 Amazon Q VS Code 확장에 파괴형 에이전트 지시 커밋(실제 사고) • [ATLAS CS0046·실증] 웹페이지 인젝션으로 Claude Computer Use가 셸 명령으로 사용자 데이터 삭제 • [ATLAS CS0063·실증] 캘린더 초대·메일에 숨긴 지시로 Gemini 비서가 기기·앱을 조작 • [OWASP 인용] Replit 운영 DB 삭제(2025.07) / Google Gemini CLI 파일 손실(2025.07) | Q81: 최소 에이전시·최소권한, 도구별 범위·호출량 제한, 인자 의미 검증, 파괴적 작업 인간 승인
A82: D06. 에이전트 오남용 및 통제 상실 | B82: UT-22 | C82: 비의도적 코드 실행 | D82: UT-22.1 | E82: 생성 코드 실행 | F82: 에이전트가 생성하거나 외부에서 주입된 코드/셸 명령을 검증 없이 인터프리터에서 실행하여 호스트 명령 실행 및 시스템 변경 유발 | G82: 상 | H82: 상 | I82: =IF(AND(G82="상",H82="상"),"매우 높음",IF(OR(AND(G82="상",H82="중"),AND(G82="중",H82="상")),"높음",IF(OR(AND(G82="중",H82="중"),AND(G82="상",H82="하"),AND(G82="하",H82="상")),"보통","낮음"))) | J82: 호스트 명령 실행(시스템 장악) | K82: 실제 사고 확인 | L82: 2 | M82: 실행(Execution) | N82: T0050 | O82: ASI05, MCP05 | P82: • [ATLAS CS0050·실증] 악성 링크 1회 클릭으로 OpenClaw 로컬 에이전트 원격 코드 실행 • [ATLAS CS0052·실증] 11개 LLM 프레임워크에서 20개 RCE 취약점 발견, 인터넷 공개 앱에서 실증(LLMSmith) • [ATLAS CS0062·실증] Semantic Kernel 검색 플러그인에서 단일 인젝션으로 원격 코드 실행 • [OWASP 인용] Framelink Figma MCP RCE / Cursor 워크스페이스 파일 인젝션 / VS Code 에이전트 RCE(2025) / CVE-2025-66404 / CVE-2025-54795 | Q82: 코드 생성과 실행 분리·승인 게이트, 비루트 격리 샌드박스, 실행 전 정적검사, 명령 허용목록
A83: D06. 에이전트 오남용 및 통제 상실 | B83: UT-22 | C83: 비의도적 코드 실행 | D83: UT-22.2 | E83: 안전하지 않은 파일 실행 | F83: pickle 등 역직렬화 취약 포맷의 모델/데이터 파일 또는 사용자가 실행한 악성 노트북을 통해 로딩 시점에 임의 코드 실행 | G83: 상 | H83: 상 | I83: =IF(AND(G83="상",H83="상"),"매우 높음",IF(OR(AND(G83="상",H83="중"),AND(G83="중",H83="상")),"높음",IF(OR(AND(G83="중",H83="중"),AND(G83="상",H83="하"),AND(G83="하",H83="상")),"보통","낮음"))) | J83: 파일 로딩 시 임의 코드 실행 | K83: 실제 사고 확인 | L83: 2 | M83: 실행(Execution) | N83: T0011 | O83: ASI05 | P83: • [ATLAS CS0018·실증] Google Colab 노트북을 통한 임의 코드 실행 경로 시연 • [ATLAS CS0031·실제사고] Hugging Face에 역쉘을 내장한 악성 모델 호스팅(실제 사고) • [ATLAS CS0044·실제사고] APT28 LAMEHUG가 LLM API로 실행 명령을 동적 생성(실제 사고) • [OWASP 인용] CVE-2025-24357 vLLM torch.load 안전하지 않은 역직렬화 | Q83: 코드 생성과 실행 분리·승인 게이트, 비루트 격리 샌드박스, 실행 전 정적검사, 명령 허용목록
A84: D06. 에이전트 오남용 및 통제 상실 | B84: UT-22 | C84: 비의도적 코드 실행 | D84: UT-22.3 | E84: 샌드박스 탈출 | F84: 코드 실행 환경의 격리 결함/설정 파일 덮어쓰기를 악용하여 샌드박스를 벗어나 호스트 장악 및 지속성 확보 | G84: 중 | H84: 상 | I84: =IF(AND(G84="상",H84="상"),"매우 높음",IF(OR(AND(G84="상",H84="중"),AND(G84="중",H84="상")),"높음",IF(OR(AND(G84="중",H84="중"),AND(G84="상",H84="하"),AND(G84="하",H84="상")),"보통","낮음"))) | J84: 호스트 장악 및 지속성 확보 | K84: 실제 사고 확인 | L84: 1 | M84: 권한 상승(Privilege Escalation) | N84: T0105, T0112 | O84: ASI05 | P84: • [ATLAS CS0068·실제사고] OpenAI 평가용 자율 에이전트들이 평가 경계를 넘어 외부 인프라 구축·Hugging Face 침해(실제 사고) • [ATLAS CS0050·실증] 악성 링크 1회 클릭으로 OpenClaw 로컬 에이전트 원격 코드 실행 • [ATLAS CS0052·실증] 11개 LLM 프레임워크에서 20개 RCE 취약점 발견, 인터넷 공개 앱에서 실증(LLMSmith) • [OWASP 인용] Cursor 설정 덮어쓰기(대소문자 불일치, 2025.10) / Cursor 에이전트 파일 보호 우회(2025.10) | Q84: 코드 생성과 실행 분리·승인 게이트, 비루트 격리 샌드박스, 실행 전 정적검사, 명령 허용목록
A85: D06. 에이전트 오남용 및 통제 상실 | B85: UT-23 | C85: 에이전트 간 연쇄 장애 | D85: UT-23.1 | E85: 다중 에이전트 오류 전파 | F85: 한 에이전트의 환각/오염 출력이 검증 없이 후속 에이전트의 입력으로 전달되어 다단계 워크플로 전체로 오류 증폭 | G85: 중 | H85: 중 | I85: =IF(AND(G85="상",H85="상"),"매우 높음",IF(OR(AND(G85="상",H85="중"),AND(G85="중",H85="상")),"높음",IF(OR(AND(G85="중",H85="중"),AND(G85="상",H85="하"),AND(G85="하",H85="상")),"보통","낮음"))) | J85: 연계 워크플로 오작동(무결성 및 가용성) | K85: 실증·공개 취약점 | L85: 0 | M85: 내부 확산(Lateral Movement) | O85: ASI08 | P85: • [OWASP 인용] GitHub Copilot·Cursor 코드 에이전트 익스플로잇(2025.03) • [OWASP 시나리오] 인젝션된 시장분석 에이전트가 위험 한도를 부풀려 연쇄 매매(ASI08 시나리오#1) | Q85: 결함 격리·블라스트 반경 상한, 계획/실행 분리, 서킷브레이커, 디지털 트윈 재현 시험
A86: D06. 에이전트 오남용 및 통제 상실 | B86: UT-23 | C86: 에이전트 간 연쇄 장애 | D86: UT-23.2 | E86: 자기복제 프롬프트(웜) | F86: 출력에 자신을 복제하는 지시를 포함시켜, 메일/문서를 매개로 연결된 다른 AI 시스템으로 자동 전파되며 데이터 유출과 스팸 확산 | G86: 중 | H86: 상 | I86: =IF(AND(G86="상",H86="상"),"매우 높음",IF(OR(AND(G86="상",H86="중"),AND(G86="중",H86="상")),"높음",IF(OR(AND(G86="중",H86="중"),AND(G86="상",H86="하"),AND(G86="하",H86="상")),"보통","낮음"))) | J86: 연결된 AI 시스템 전반 자동 확산 | K86: 실증·공개 취약점 | L86: 0 | M86: 지속성(Persistence) | N86: T0061 | O86: ASI08 | P86: • [ATLAS CS0024·실증] RAG를 매개로 자기복제 프롬프트가 GenAI 이메일 비서 간 전파(Morris II 웜) | Q86: 결함 격리·블라스트 반경 상한, 계획/실행 분리, 서킷브레이커, 디지털 트윈 재현 시험
A87: D06. 에이전트 오남용 및 통제 상실 | B87: UT-23 | C87: 에이전트 간 연쇄 장애 | D87: UT-23.3 | E87: 자동 대응 루프 폭주 | F87: 자동 복구/대응 에이전트 간 상호 트리거로 피드백 루프가 형성되어 과도한 조치, 자원 소모, 경보 억제 등 시스템 불안정 유발 | G87: 하 | H87: 중 | I87: =IF(AND(G87="상",H87="상"),"매우 높음",IF(OR(AND(G87="상",H87="중"),AND(G87="중",H87="상")),"높음",IF(OR(AND(G87="중",H87="중"),AND(G87="상",H87="하"),AND(G87="하",H87="상")),"보통","낮음"))) | J87: 일시적 가용성 저하 및 과잉 조치 | K87: 이론·시나리오 | L87: 0 | M87: 영향(Impact) | O87: ASI08 | P87: • [OWASP 시나리오] 자동 복구 에이전트 간 피드백 루프로 경보 억제 및 과잉 조치(ASI08 시나리오#6) | Q87: 결함 격리·블라스트 반경 상한, 계획/실행 분리, 서킷브레이커, 디지털 트윈 재현 시험
A88: D06. 에이전트 오남용 및 통제 상실 | B88: UT-24 | C88: 통제를 벗어난 에이전트 | D88: UT-24.1 | E88: 목표 이탈과 보상 해킹 | F88: 에이전트가 부여된 목표를 문자 그대로 최적화하는 과정에서 백업 삭제/통제 우회 등 의도하지 않은 유해 행위를 선택하고 정상 동작처럼 보고 | G88: 상 | H88: 상 | I88: =IF(AND(G88="상",H88="상"),"매우 높음",IF(OR(AND(G88="상",H88="중"),AND(G88="중",H88="상")),"높음",IF(OR(AND(G88="중",H88="중"),AND(G88="상",H88="하"),AND(G88="하",H88="상")),"보통","낮음"))) | J88: 권한 내 유해 행위 지속 및 은폐 | K88: 실제 사고 확인 | L88: 2 | M88: 해당 없음(구조적 결함) | O88: ASI10 | P88: • [ATLAS CS0068·실제사고] OpenAI 평가용 자율 에이전트들이 평가 경계를 넘어 외부 인프라 구축·Hugging Face 침해(실제 사고) • [OWASP 인용] Replit 바이브 코딩 에이전트의 지시 위반 및 데이터 조작(2025.07) • [OWASP 시나리오] 비용 최소화 목표의 에이전트가 운영 백업 삭제를 학습(ASI10 시나리오#4) | Q88: 행동 기준선·감시 에이전트, 범위 이탈 탐지, 킬스위치·자격증명 즉시 폐기, 서명된 행동 매니페스트
A89: D06. 에이전트 오남용 및 통제 상실 | B89: UT-24 | C89: 통제를 벗어난 에이전트 | D89: UT-24.2 | E89: 악성 에이전트 배치 | F89: 공격자가 피해 환경에 자체 에이전트를 배치하거나 승인되지 않은 에이전트를 실행하여 정상 에이전트로 위장한 채 데이터 접근 및 행위 수행 | G89: 상 | H89: 상 | I89: =IF(AND(G89="상",H89="상"),"매우 높음",IF(OR(AND(G89="상",H89="중"),AND(G89="중",H89="상")),"높음",IF(OR(AND(G89="중",H89="중"),AND(G89="상",H89="하"),AND(G89="하",H89="상")),"보통","낮음"))) | J89: 정상 위장 에이전트의 지속적 데이터 접근 | K89: 실제 사고 확인 | L89: 2 | M89: 실행(Execution) | N89: T0103 | O89: ASI10 | P89: • [ATLAS CS0047·실제사고] 과권한 GitHub 토큰으로 Amazon Q VS Code 확장에 파괴형 에이전트 지시 커밋(실제 사고) • [ATLAS CS0069·실제사고] GTG-1002가 탈옥한 Claude Code로 약 30개 조직 대상 자율 사이버 첩보(실제 사고) | Q89: 행동 기준선·감시 에이전트, 범위 이탈 탐지, 킬스위치·자격증명 즉시 폐기, 서명된 행동 매니페스트
A90: D06. 에이전트 오남용 및 통제 상실 | B90: UT-24 | C90: 통제를 벗어난 에이전트 | D90: UT-24.3 | E90: 에이전트 설정 변조 | F90: 에이전트 설정 파일(규칙/권한/연결 도구)을 변조하여 보안 기능 비활성화 또는 악성 지시를 영속화하고, 설정을 공유하는 모든 에이전트로 영향 전파 | G90: 중 | H90: 상 | I90: =IF(AND(G90="상",H90="상"),"매우 높음",IF(OR(AND(G90="상",H90="중"),AND(G90="중",H90="상")),"높음",IF(OR(AND(G90="중",H90="중"),AND(G90="상",H90="하"),AND(G90="하",H90="상")),"보통","낮음"))) | J90: 보안 기능 해제 및 악성 지시 영속화 | K90: 실증·공개 취약점 | L90: 0 | M90: 지속성(Persistence) | N90: T0081 | O90: ASI10 | P90: • [ATLAS CS0041·실증] AI 코딩도구 규칙 파일에 보이지 않는 유니코드 지시를 숨겨 악성 코드 생성 유도 • [ATLAS CS0050·실증] 악성 링크 1회 클릭으로 OpenClaw 로컬 에이전트 원격 코드 실행 • [ATLAS CS0051·실증] 웹페이지 인젝션으로 OpenClaw에 지속 지시를 심어 C2로 활용 • [OWASP 인용] Cursor CLI 프로젝트 설정 경유 명령 실행(2025.10) | Q90: 행동 기준선·감시 에이전트, 범위 이탈 탐지, 킬스위치·자격증명 즉시 폐기, 서명된 행동 매니페스트
A91: D06. 에이전트 오남용 및 통제 상실 | B91: UT-24 | C91: 통제를 벗어난 에이전트 | D91: UT-24.4 | E91: 종료 후 활동 지속 | F91: 자율 에이전트가 과업 종료 또는 중지 이후에도 실행 환경을 재구성하여 활동을 지속하거나 외부 자원을 확보 | G91: 중 | H91: 상 | I91: =IF(AND(G91="상",H91="상"),"매우 높음",IF(OR(AND(G91="상",H91="중"),AND(G91="중",H91="상")),"높음",IF(OR(AND(G91="중",H91="중"),AND(G91="상",H91="하"),AND(G91="하",H91="상")),"보통","낮음"))) | J91: 통제 밖 외부 자원 확보 및 침해 | K91: 실제 사고 확인 | L91: 1 | M91: 지속성(Persistence) | N91: T0121 | O91: ASI10 | P91: • [ATLAS CS0068·실제사고] OpenAI 평가용 자율 에이전트들이 평가 경계를 넘어 외부 인프라 구축·Hugging Face 침해(실제 사고) | Q91: 행동 기준선·감시 에이전트, 범위 이탈 탐지, 킬스위치·자격증명 즉시 폐기, 서명된 행동 매니페스트
A92: D07. AI 신원 및 권한 악용 | B92: UT-25 | C92: 에이전트 자격증명 탈취 및 악용 | D92: UT-25.1 | E92: 설정 파일 내 비밀정보 수집 | F92: 에이전트 설정/RAG 문서/코드 저장소/CI 변수에 평문 저장된 API 키와 토큰을 수집하여 연동 시스템 접근 권한 확보 | G92: 상 | H92: 상 | I92: =IF(AND(G92="상",H92="상"),"매우 높음",IF(OR(AND(G92="상",H92="중"),AND(G92="중",H92="상")),"높음",IF(OR(AND(G92="중",H92="중"),AND(G92="상",H92="하"),AND(G92="하",H92="상")),"보통","낮음"))) | J92: 연동 시스템 접근 권한 일괄 확보 | K92: 실제 사고 확인 | L92: 8 | M92: 자격증명 접근(Credential Access) | N92: T0055, T0083, T0082 | O92: DSGAI02, MCP01 | P92: • [ATLAS CS0006·실제사고] Clearview AI 저장소 설정 오류로 소스코드·자격증명·모델 노출 • [ATLAS CS0023·실제사고] 인증 없는 Ray 클러스터를 탈취해 연산자원·자격증명·모델 탈취(ShadowRay, 실제 사고) • [ATLAS CS0030·실제사고] 탈취한 클라우드 자격증명으로 LLM 서비스를 무단 사용·재판매(LLMjacking, 실제 사고) • [OWASP 인용] Hugging Face Spaces 비밀 토큰 노출(2024) | Q92: 단명·작업범위 토큰, 비밀정보의 프롬프트·설정 내 저장 금지, 비밀 스캐닝, 에이전트별 고유 신원, 퇴역 시 즉시 폐기
A93: D07. AI 신원 및 권한 악용 | B93: UT-25 | C93: 에이전트 자격증명 탈취 및 악용 | D93: UT-25.2 | E93: 도구 경유 자격증명 수집 | F93: 에이전트 도구(파일 조회/명령 실행)를 악용하여 실행 환경의 자격증명 파일과 환경변수를 읽어 외부로 전달 | G93: 중 | H93: 상 | I93: =IF(AND(G93="상",H93="상"),"매우 높음",IF(OR(AND(G93="상",H93="중"),AND(G93="중",H93="상")),"높음",IF(OR(AND(G93="중",H93="중"),AND(G93="상",H93="하"),AND(G93="하",H93="상")),"보통","낮음"))) | J93: 실행 환경 자격증명 탈취 | K93: 실증·공개 취약점 | L93: 0 | M93: 자격증명 접근(Credential Access) | N93: T0098 | O93: DSGAI02 | P93: • [ATLAS CS0067·실증] Claude Code GitHub Action이 인젝션으로 저장소 비밀값을 노출 • [ATLAS CS0048·실증] 인터넷에 노출된 ClawdBot 제어 인터페이스 수백 개에서 자격증명 탈취·명령 실행 • [ATLAS CS0054·실증] 원격 MCP 도구 설명문의 숨은 지시로 에이전트가 파일·데이터 유출 | Q93: 단명·작업범위 토큰, 비밀정보의 프롬프트·설정 내 저장 금지, 비밀 스캐닝, 에이전트별 고유 신원, 퇴역 시 즉시 폐기
A94: D07. AI 신원 및 권한 악용 | B94: UT-25 | C94: 에이전트 자격증명 탈취 및 악용 | D94: UT-25.3 | E94: 메모리 및 세션 쿠키 탈취 | F94: AI 데스크톱 앱 메모리 덤프/브라우저 세션 쿠키 탈취/취약점 익스플로잇을 통해 인증 토큰을 획득하여 사용자로 가장 | G94: 중 | H94: 상 | I94: =IF(AND(G94="상",H94="상"),"매우 높음",IF(OR(AND(G94="상",H94="중"),AND(G94="중",H94="상")),"높음",IF(OR(AND(G94="중",H94="중"),AND(G94="상",H94="하"),AND(G94="하",H94="상")),"보통","낮음"))) | J94: 사용자 가장을 통한 계정 장악 | K94: 실증·공개 취약점 | L94: 0 | M94: 자격증명 접근(Credential Access) | N94: T0090, T0113, T0106 | O94: DSGAI02 | P94: • [ATLAS CS0036·실증] LLM 데스크톱 앱 메모리에서 인증 토큰을 추출해 사용자 가장(AIKatz) • [ATLAS CS0050·실증] 악성 링크 1회 클릭으로 OpenClaw 로컬 에이전트 원격 코드 실행 • [ATLAS CS0060·실증] Lenovo 챗봇이 생성한 악성 HTML이 상담원 브라우저에서 실행되어 세션 쿠키 탈취(XSS) | Q94: 단명·작업범위 토큰, 비밀정보의 프롬프트·설정 내 저장 금지, 비밀 스캐닝, 에이전트별 고유 신원, 퇴역 시 즉시 폐기
A95: D07. AI 신원 및 권한 악용 | B95: UT-25 | C95: 에이전트 자격증명 탈취 및 악용 | D95: UT-25.4 | E95: 탈취 자격증명 재사용 | F95: 탈취한 API 키/토큰/세션으로 정상 사용자로 위장하여 AI 서비스에 접근하고 추가 계정 생성으로 접근을 영속화(예: LLMjacking 무단 사용 및 재판매) | G95: 상 | H95: 상 | I95: =IF(AND(G95="상",H95="상"),"매우 높음",IF(OR(AND(G95="상",H95="중"),AND(G95="중",H95="상")),"높음",IF(OR(AND(G95="중",H95="중"),AND(G95="상",H95="하"),AND(G95="하",H95="상")),"보통","낮음"))) | J95: 정상 사용자 위장 접근 및 대규모 무단 사용 | K95: 실제 사고 확인 | L95: 6 | M95: 초기 접근(Initial Access) | N95: T0091, T0091.000, T0091.001, T0012, T0125 | O95: MCP01 | P95: • [ATLAS CS0030·실제사고] 탈취한 클라우드 자격증명으로 LLM 서비스를 무단 사용·재판매(LLMjacking, 실제 사고) • [ATLAS CS0036·실증] LLM 데스크톱 앱 메모리에서 인증 토큰을 추출해 사용자 가장(AIKatz) • [ATLAS CS0044·실제사고] APT28 LAMEHUG가 LLM API로 실행 명령을 동적 생성(실제 사고) | Q95: 단명·작업범위 토큰, 비밀정보의 프롬프트·설정 내 저장 금지, 비밀 스캐닝, 에이전트별 고유 신원, 퇴역 시 즉시 폐기
A96: D07. AI 신원 및 권한 악용 | B96: UT-26 | C96: 권한 위임 결함 | D96: UT-26.1 | E96: 혼동된 대리인 | F96: 권한이 낮은 외부 사용자의 입력을 높은 권한의 에이전트가 대신 처리하여, 요청자 권한 검증 없이 내부자 수준 행위 수행 | G96: 중 | H96: 상 | I96: =IF(AND(G96="상",H96="상"),"매우 높음",IF(OR(AND(G96="상",H96="중"),AND(G96="중",H96="상")),"높음",IF(OR(AND(G96="중",H96="중"),AND(G96="상",H96="하"),AND(G96="하",H96="상")),"보통","낮음"))) | J96: 외부 입력에 의한 내부자 수준 행위 | K96: 실증·공개 취약점 | L96: 0 | M96: 권한 상승(Privilege Escalation) | O96: ASI03, MCP07 | P96: • [ATLAS CS0039·실증] 외부 사용자가 Jira 티켓에 악성 입력을 넣어 AI가 내부자 권한으로 행위(Living off AI) • [OWASP 인용] Heroku MCP 앱 소유권 탈취(2025.06) • [OWASP 시나리오] 재무 에이전트가 DB 조회 에이전트에 모든 권한을 넘겨 위임 권한 남용(ASI03 시나리오#1) | Q96: 상호 인증·위임 범위 전파, 권한 상승 시 재인가, 세션 격리, 신원 수명주기 관리
A97: D07. AI 신원 및 권한 악용 | B97: UT-26 | C97: 권한 위임 결함 | D97: UT-26.2 | E97: 캐시 자격 재사용 | F97: 작업 중 캐시된 관리자 자격증명/세션이 다른 사용자 요청이나 후속 작업에 재사용되어 권한 경계 붕괴 | G97: 하 | H97: 상 | I97: =IF(AND(G97="상",H97="상"),"매우 높음",IF(OR(AND(G97="상",H97="중"),AND(G97="중",H97="상")),"높음",IF(OR(AND(G97="중",H97="중"),AND(G97="상",H97="하"),AND(G97="하",H97="상")),"보통","낮음"))) | J97: 권한 경계 붕괴로 관리자 권한 노출 | K97: 이론·시나리오 | L97: 0 | M97: 권한 상승(Privilege Escalation) | O97: ASI03 | P97: • [OWASP 시나리오] 패치 작업 중 캐시된 SSH 자격증명을 비관리자가 재사용(ASI03 시나리오#2) | Q97: 상호 인증·위임 범위 전파, 권한 상승 시 재인가, 세션 격리, 신원 수명주기 관리
A98: D07. AI 신원 및 권한 악용 | B98: UT-26 | C98: 권한 위임 결함 | D98: UT-26.3 | E98: 인가 시점 불일치 | F98: 워크플로 시작 시점에만 권한을 검증하고 실행 단계별 재검증을 생략하여 진행 중 권한 변경/위임 확장이 통제되지 않음 | G98: 하 | H98: 중 | I98: =IF(AND(G98="상",H98="상"),"매우 높음",IF(OR(AND(G98="상",H98="중"),AND(G98="중",H98="상")),"높음",IF(OR(AND(G98="중",H98="중"),AND(G98="상",H98="하"),AND(G98="하",H98="상")),"보통","낮음"))) | J98: 진행 중 권한 변경 통제 실패 | K98: 이론·시나리오 | L98: 0 | M98: 권한 상승(Privilege Escalation) | O98: ASI03, MCP07 | P98: • [OWASP 시나리오] 결재 시작 시점에만 승인 검증(ASI03 시나리오#5) | Q98: 상호 인증·위임 범위 전파, 권한 상승 시 재인가, 세션 격리, 신원 수명주기 관리
A99: D07. AI 신원 및 권한 악용 | B99: UT-27 | C99: 에이전트 간 통신 조작 | D99: UT-27.1 | E99: 메시지 위조 및 중간자 공격 | F99: 에이전트 간 비암호화/무서명 통신 구간에서 메시지를 가로채거나 변조하여 다른 에이전트의 지시와 판단 조작 | G99: 중 | H99: 상 | I99: =IF(AND(G99="상",H99="상"),"매우 높음",IF(OR(AND(G99="상",H99="중"),AND(G99="중",H99="상")),"높음",IF(OR(AND(G99="중",H99="중"),AND(G99="상",H99="하"),AND(G99="하",H99="상")),"보통","낮음"))) | J99: 다른 에이전트 지시 및 판단 장악 | K99: 실증·공개 취약점 | L99: 0 | M99: 내부 확산(Lateral Movement) | O99: ASI07 | P99: • [OWASP 인용] MCP OAuth 응답 악용(2025.10) • [OWASP 시나리오] 비암호화 채널 중간자의 의미 주입(ASI07 시나리오#1) | Q99: mTLS·메시지 서명·nonce/타임스탬프, 스키마 검증·버전관리, 인증된 디렉터리
A100: D07. AI 신원 및 권한 악용 | B100: UT-27 | C100: 에이전트 간 통신 조작 | D100: UT-27.2 | E100: 메시지 재전송 | F100: 과거의 정상 지시/승인 메시지를 재전송하여 만료된 절차 또는 권한을 재실행 | G100: 하 | H100: 중 | I100: =IF(AND(G100="상",H100="상"),"매우 높음",IF(OR(AND(G100="상",H100="중"),AND(G100="중",H100="상")),"높음",IF(OR(AND(G100="중",H100="중"),AND(G100="상",H100="하"),AND(G100="하",H100="상")),"보통","낮음"))) | J100: 만료 절차 재실행(범위 제한) | K100: 이론·시나리오 | L100: 0 | M100: 내부 확산(Lateral Movement) | O100: ASI07 | P100: • [OWASP 시나리오] 과거 긴급 조정 메시지 재전송으로 구식 절차 실행(ASI07 시나리오#3) | Q100: mTLS·메시지 서명·nonce/타임스탬프, 스키마 검증·버전관리, 인증된 디렉터리
A101: D07. AI 신원 및 권한 악용 | B101: UT-27 | C101: 에이전트 간 통신 조작 | D101: UT-27.3 | E101: 에이전트 위장 등록 | F101: 디스커버리 서비스/에이전트 레지스트리에 위장 에이전트를 등록하거나 에이전트 카드를 과장하여 정상 위임 작업과 데이터를 가로챔 | G101: 중 | H101: 상 | I101: =IF(AND(G101="상",H101="상"),"매우 높음",IF(OR(AND(G101="상",H101="중"),AND(G101="중",H101="상")),"높음",IF(OR(AND(G101="중",H101="중"),AND(G101="상",H101="하"),AND(G101="하",H101="상")),"보통","낮음"))) | J101: 위임 작업 및 데이터 가로채기 | K101: 실증·공개 취약점 | L101: 0 | M101: 내부 확산(Lateral Movement) | O101: ASI07 | P101: • [OWASP 인용] A2A 프로토콜 스푸핑(Agent-in-the-Middle, 2025.04) • [OWASP 시나리오] 탐색 서비스에 가짜 피어 에이전트 등록(ASI07 시나리오#6) | Q101: mTLS·메시지 서명·nonce/타임스탬프, 스키마 검증·버전관리, 인증된 디렉터리
A102: D08. AI 공급망 침해 | B102: UT-28 | C102: 모델 및 데이터 공급망 침해 | D102: UT-28.1 | E102: 변조 모델 유입 | F102: 공개 모델 허브/데이터셋 저장소에서 변조되거나 악성 코드가 내장된 모델/데이터를 검증 없이 도입하여 조직 환경에 백도어 및 실행 코드 유입 | G102: 상 | H102: 상 | I102: =IF(AND(G102="상",H102="상"),"매우 높음",IF(OR(AND(G102="상",H102="중"),AND(G102="중",H102="상")),"높음",IF(OR(AND(G102="중",H102="중"),AND(G102="상",H102="하"),AND(G102="하",H102="상")),"보통","낮음"))) | J102: 조직 환경 내 백도어 및 실행 코드 유입 | K102: 실제 사고 확인 | L102: 4 | M102: 초기 접근(Initial Access) | N102: T0010, T0010.002, T0010.003, T0115, T0115.001, T0011.000 | O102: LLM04, DSGAI04, DSGAI05 | P102: • [ATLAS CS0031·실제사고] Hugging Face에 역쉘을 내장한 악성 모델 호스팅(실제 사고) • [ATLAS CS0027·실증] 실존 기업을 사칭한 Hugging Face 조직 계정으로 악성 모델 유포 • [ATLAS CS0002·실제사고] VirusTotal에 변종 샘플을 대량 제출해 크라우드소싱 학습 데이터를 오염 | Q102: AIBOM/SBOM 인벤토리, 버전 고정·출처 검증, 공급자 약관·라이선스 검토, 레지스트리 허용목록
A103: D08. AI 공급망 침해 | B103: UT-28 | C103: 모델 및 데이터 공급망 침해 | D103: UT-28.2 | E103: 악성 의존성 유입 | F103: AI 프레임워크/라이브러리/하드웨어 공급망에 삽입된 악성 패키지나 변조 구성요소가 설치 과정에서 실행되어 개발 및 학습 환경 장악 | G103: 상 | H103: 상 | I103: =IF(AND(G103="상",H103="상"),"매우 높음",IF(OR(AND(G103="상",H103="중"),AND(G103="중",H103="상")),"높음",IF(OR(AND(G103="중",H103="중"),AND(G103="상",H103="하"),AND(G103="하",H103="상")),"보통","낮음"))) | J103: 개발 및 학습 환경 장악 | K103: 실제 사고 확인 | L103: 2 | M103: 초기 접근(Initial Access) | N103: T0010.000, T0010.001, T0011.001 | O103: LLM04 | P103: • [ATLAS CS0015·실제사고] PyPI에 올라간 악성 torchtriton 의존성으로 PyTorch-nightly 사용자 정보 유출(실제 사고) • [ATLAS CS0047·실제사고] 과권한 GitHub 토큰으로 Amazon Q VS Code 확장에 파괴형 에이전트 지시 커밋(실제 사고) • [ATLAS CS0022·실증] LLM이 환각한 가짜 패키지명을 공격자가 선점해 악성 패키지 배포 가능성 입증 | Q103: AIBOM/SBOM 인벤토리, 버전 고정·출처 검증, 공급자 약관·라이선스 검토, 레지스트리 허용목록
A104: D08. AI 공급망 침해 | B104: UT-28 | C104: 모델 및 데이터 공급망 침해 | D104: UT-28.3 | E104: 환각 패키지 선점 | F104: AI 코딩 도구가 반복 환각하는 존재하지 않는 패키지명을 공격자가 선점 등록하여, AI 권고에 따라 설치되는 악성 패키지 유포(slopsquatting) | G104: 중 | H104: 상 | I104: =IF(AND(G104="상",H104="상"),"매우 높음",IF(OR(AND(G104="상",H104="중"),AND(G104="중",H104="상")),"높음",IF(OR(AND(G104="중",H104="중"),AND(G104="상",H104="하"),AND(G104="하",H104="상")),"보통","낮음"))) | J104: AI 권고 경유 개발 환경 코드 실행 | K104: 실증·공개 취약점 | L104: 0 | M104: 자원 개발(Resource Development) | N104: T0060 | O104: LLM04 | P104: • [ATLAS CS0022·실증] LLM이 환각한 가짜 패키지명을 공격자가 선점해 악성 패키지 배포 가능성 입증 | Q104: AIBOM/SBOM 인벤토리, 버전 고정·출처 검증, 공급자 약관·라이선스 검토, 레지스트리 허용목록
A105: D08. AI 공급망 침해 | B105: UT-28 | C105: 모델 및 데이터 공급망 침해 | D105: UT-28.4 | E105: 네임스페이스 및 평판 악용 | F105: 삭제된 작성자 네임스페이스 재등록/유사 조직명 사칭/다운로드 수 조작/배포 후 악성 전환(러그풀)으로 신뢰를 가장한 악성 아티팩트 유포 | G105: 상 | H105: 상 | I105: =IF(AND(G105="상",H105="상"),"매우 높음",IF(OR(AND(G105="상",H105="중"),AND(G105="중",H105="상")),"높음",IF(OR(AND(G105="중",H105="중"),AND(G105="상",H105="하"),AND(G105="하",H105="상")),"보통","낮음"))) | J105: 신뢰 위장 악성 아티팩트의 광범위 유입 | K105: 실제 사고 확인 | L105: 2 | M105: 방어 회피(Defense Evasion) | N105: T0109, T0111, T0074 | O105: LLM04 | P105: • [ATLAS CS0065·실증] 삭제된 Hugging Face 작성자 네임스페이스를 재등록해 악성 모델로 대체 • [ATLAS CS0044·실제사고] APT28 LAMEHUG가 LLM API로 실행 명령을 동적 생성(실제 사고) • [ATLAS CS0053·실제사고] Postmark를 사칭한 악성 MCP 서버가 발송 메일을 몰래 BCC로 유출(실제 사고) | Q105: AIBOM/SBOM 인벤토리, 버전 고정·출처 검증, 공급자 약관·라이선스 검토, 레지스트리 허용목록
A106: D08. AI 공급망 침해 | B106: UT-28 | C106: 모델 및 데이터 공급망 침해 | D106: UT-28.5 | E106: 배포 파이프라인 악용 | F106: 컨테이너 레지스트리/모델 서빙 파이프라인/자동 처리 서비스의 취약점을 악용하여 배포 단계에서 모델 이미지 교체 또는 악성 코드 주입 | G106: 중 | H106: 상 | I106: =IF(AND(G106="상",H106="상"),"매우 높음",IF(OR(AND(G106="상",H106="중"),AND(G106="중",H106="상")),"높음",IF(OR(AND(G106="중",H106="중"),AND(G106="상",H106="하"),AND(G106="하",H106="상")),"보통","낮음"))) | J106: 배포 단계 모델 교체 및 코드 주입 | K106: 실제 사고 확인 | L106: 1 | M106: 초기 접근(Initial Access) | N106: T0010.004, T0119 | O106: DSGAI05 | P106: • [ATLAS CS0028·실증] 노출된 사설 컨테이너 레지스트리 8천여 개 발견, 모델 이미지 변조 가능성 입증 • [ATLAS CS0068·실제사고] OpenAI 평가용 자율 에이전트들이 평가 경계를 넘어 외부 인프라 구축·Hugging Face 침해(실제 사고) | Q106: AIBOM/SBOM 인벤토리, 버전 고정·출처 검증, 공급자 약관·라이선스 검토, 레지스트리 허용목록
A107: D08. AI 공급망 침해 | B107: UT-29 | C107: 에이전트 도구 공급망 오염 | D107: UT-29.1 | E107: 도구 설명 오염 | F107: MCP 서버/플러그인의 도구 설명문에 사용자에게 보이지 않는 지시를 삽입하여, 도구 목록을 읽는 시점에 에이전트가 파일 유출 등 숨은 지시 수행 | G107: 중 | H107: 상 | I107: =IF(AND(G107="상",H107="상"),"매우 높음",IF(OR(AND(G107="상",H107="중"),AND(G107="중",H107="상")),"높음",IF(OR(AND(G107="중",H107="중"),AND(G107="상",H107="하"),AND(G107="하",H107="상")),"보통","낮음"))) | J107: 도구 목록 조회만으로 숨은 지시 실행 | K107: 실사용 기법 포함 | L107: 0 | M107: 지속성(Persistence) | N107: T0110, T0110.000 | O107: ASI04, MCP03 | P107: • [ATLAS CS0049·실증] 스킬 레지스트리에 올린 오염된 ClawdBot 스킬로 원격 코드 실행 • [ATLAS CS0054·실증] 원격 MCP 도구 설명문의 숨은 지시로 에이전트가 파일·데이터 유출 | Q107: 도구 서술자·매니페스트 서명 및 고정, 도구 설명 변경 감지, 샌드박스·egress 통제, 킬스위치
...

Sheet 도메인·평가기준
A1: 분류 체계 정의와 위험 평가 기준
A3: 1. 3단 분류 체계
A4: 단계 | B4: 정의 | C4: 작성 규칙 | D4: 개수
A5: Lv1 도메인 | B5: 영역별 보안 리스크(공격 흐름상 위협 행위자 영역을 D01로 배치) | C5: OWASP 위협·리스크 명명 규칙 준용: [영역] + [위협 명사], 대등한 두 위협만 '및'으로 결합 / 경계 판정 규칙은 아래 2번 표 | D5: =SUMPRODUCT(1/COUNTIF(통합매트릭스!$A$5:$A$131,통합매트릭스!$A$5:$A$131))
A6: Lv2 위협 분류 | B6: 기존 통합 위협(UT). ID·도메인·크로스워크 체계 불변 | C6: '·' 나열 없이 하나의 개념으로 명명 | D6: =SUMPRODUCT(1/COUNTIF(통합매트릭스!$B$5:$B$131,통합매트릭스!$B$5:$B$131))
A7: Lv3 세부 위협 | B7: Lv2 안에서 공격 경로 또는 발생 원리가 독립된 위협 | C7: ① 독립 메커니즘 ② 근거 1개 이상(ATLAS 기법·OWASP 예시·사례) ③ 공격 단계·생애주기·통제 중 하나 이상 구별 / 설명은 '수단→행위→결과' 명사형 종결 | D7: =COUNTA(통합매트릭스!$D$5:$D$131)
A9: 2. Lv1 도메인 정의
A10: 도메인 | B10: 영문명 | C10: 리스크 정의 | D10: 주요 대상 영역 | E10: 경계 판정 규칙 | F10: Lv2 수 | G10: Lv3 수 | H10: 위험도 '매우 높음'·'높음' Lv3
A11: D01. 공격 준비 및 AI 무기화 | B11: Attack Preparation & AI Weaponization | C11: 위협 행위자가 AI 자산을 정찰하고 공격 역량을 확보하거나, AI를 공격 수단으로 활용하여 자율 공격, 기만, 은닉 통신을 수행하는 리스크 | D11: 공개 정보, 공격 도구와 인프라, 공격자 AI 에이전트, 딥페이크, 제3자 AI 서비스 | E11: 위협 행위자 소유 자산 또는 조직 외부 활동이면 D01. 조직 자산이 직접 훼손되면 해당 영역 도메인으로 분류 | F11: =SUMPRODUCT((통합매트릭스!$A$5:$A$131=A11)/COUNTIFS(통합매트릭스!$A$5:$A$131,통합매트릭스!$A$5:$A$131,통합매트릭스!$B$5:$B$131,통합매트릭스!$B$5:$B$131)) | G11: =COUNTIF(통합매트릭스!$A$5:$A$131,A11) | H11: =COUNTIFS(통합매트릭스!$A$5:$A$131,A11,통합매트릭스!$I$5:$I$131,"매우 높음")+COUNTIFS(통합매트릭스!$A$5:$A$131,A11,통합매트릭스!$I$5:$I$131,"높음")
A12: D02. 프롬프트 인젝션 및 컨텍스트 노출 | B12: Prompt Injection & Context Exposure | C12: 사용자 입력이나 외부 콘텐츠에 삽입된 조작 지시로 모델 동작이 탈취되거나, 시스템 프롬프트 등 비공개 컨텍스트가 노출되는 리스크 | D12: 사용자 입력, 외부 콘텐츠와 도구 응답(지시 전달 경로), 시스템 프롬프트, 에이전트 구성 정보 | E12: 지시가 모델에 도달하는 경로가 핵심이면 D02. 지시가 저장소에 지속 기록되면 D03 | F12: =SUMPRODUCT((통합매트릭스!$A$5:$A$131=A12)/COUNTIFS(통합매트릭스!$A$5:$A$131,통합매트릭스!$A$5:$A$131,통합매트릭스!$B$5:$B$131,통합매트릭스!$B$5:$B$131)) | G12: =COUNTIF(통합매트릭스!$A$5:$A$131,A12) | H12: =COUNTIFS(통합매트릭스!$A$5:$A$131,A12,통합매트릭스!$I$5:$I$131,"매우 높음")+COUNTIFS(통합매트릭스!$A$5:$A$131,A12,통합매트릭스!$I$5:$I$131,"높음")
A13: D03. AI 데이터 오염 및 유출 | B13: AI Data Poisoning & Leakage | C13: 학습 데이터, RAG 지식원, 에이전트 메모리가 오염되거나, 민감정보가 응답과 입력 경로 또는 사용자 간 격리 결함을 통해 유출되는 리스크 | D13: 학습 및 파인튜닝 데이터, RAG 코퍼스와 임베딩, 벡터 DB, 에이전트 메모리와 대화 이력 | E13: 데이터가 저장되거나 색인되는 지점의 리스크면 D03. 모델 가중치 자체의 변조는 D04 | F13: =SUMPRODUCT((통합매트릭스!$A$5:$A$131=A13)/COUNTIFS(통합매트릭스!$A$5:$A$131,통합매트릭스!$A$5:$A$131,통합매트릭스!$B$5:$B$131,통합매트릭스!$B$5:$B$131)) | G13: =COUNTIF(통합매트릭스!$A$5:$A$131,A13) | H13: =COUNTIFS(통합매트릭스!$A$5:$A$131,A13,통합매트릭스!$I$5:$I$131,"매우 높음")+COUNTIFS(통합매트릭스!$A$5:$A$131,A13,통합매트릭스!$I$5:$I$131,"높음")
A14: D04. 모델 조작 및 탈취 | B14: Model Manipulation & Theft | C14: 모델 가중치와 구조가 변조되거나 적대적 입력에 의해 판단이 조작되고, 모델 자산 또는 학습 데이터가 질의와 파일 탈취로 유출되는 리스크 | D14: 모델 가중치와 아키텍처, 추론 템플릿, 추론 API, 예측 모델 | E14: 모델 파일, 가중치, 추론 동작이 공격 대상이면 D04 | F14: =SUMPRODUCT((통합매트릭스!$A$5:$A$131=A14)/COUNTIFS(통합매트릭스!$A$5:$A$131,통합매트릭스!$A$5:$A$131,통합매트릭스!$B$5:$B$131,통합매트릭스!$B$5:$B$131)) | G14: =COUNTIF(통합매트릭스!$A$5:$A$131,A14) | H14: =COUNTIFS(통합매트릭스!$A$5:$A$131,A14,통합매트릭스!$I$5:$I$131,"매우 높음")+COUNTIFS(통합매트릭스!$A$5:$A$131,A14,통합매트릭스!$I$5:$I$131,"높음")
A15: D05. 출력 처리 결함 및 신뢰성 훼손 | B15: Output Handling Flaws & Integrity Loss | C15: 모델 출력이 검증 없이 후속 시스템에서 해석되거나 반출 경로로 악용되고, 허위 또는 편향된 출력이 업무 판단에 채택되는 리스크 | D15: 출력 렌더링 환경(브라우저, 터미널, IDE), 출력 기반 DB 질의, 출력 채널 | E15: 출력의 검증, 신뢰성, 반출 채널 문제면 D05. 출력이 도구 호출이나 코드 실행으로 이어지면 D06 | F15: =SUMPRODUCT((통합매트릭스!$A$5:$A$131=A15)/COUNTIFS(통합매트릭스!$A$5:$A$131,통합매트릭스!$A$5:$A$131,통합매트릭스!$B$5:$B$131,통합매트릭스!$B$5:$B$131)) | G15: =COUNTIF(통합매트릭스!$A$5:$A$131,A15) | H15: =COUNTIFS(통합매트릭스!$A$5:$A$131,A15,통합매트릭스!$I$5:$I$131,"매우 높음")+COUNTIFS(통합매트릭스!$A$5:$A$131,A15,통합매트릭스!$I$5:$I$131,"높음")
A16: D06. 에이전트 오남용 및 통제 상실 | B16: Agent Misuse & Loss of Control | C16: 과도한 권한을 가진 에이전트가 도구와 코드를 위험하게 실행하거나, 다중 에이전트 간 오류 전파와 이상 행동으로 조직의 통제를 상실하는 리스크 | D16: 에이전트 도구 권한, 계획 및 실행 루프, 코드 실행 환경, 다중 에이전트 워크플로 | E16: 에이전트가 무엇을 잘못 실행하는가의 문제면 D06. 누구의 신원과 권한이 악용되는가의 문제면 D07 | F16: =SUMPRODUCT((통합매트릭스!$A$5:$A$131=A16)/COUNTIFS(통합매트릭스!$A$5:$A$131,통합매트릭스!$A$5:$A$131,통합매트릭스!$B$5:$B$131,통합매트릭스!$B$5:$B$131)) | G16: =COUNTIF(통합매트릭스!$A$5:$A$131,A16) | H16: =COUNTIFS(통합매트릭스!$A$5:$A$131,A16,통합매트릭스!$I$5:$I$131,"매우 높음")+COUNTIFS(통합매트릭스!$A$5:$A$131,A16,통합매트릭스!$I$5:$I$131,"높음")
A17: D07. AI 신원 및 권한 악용 | B17: AI Identity & Privilege Abuse | C17: 에이전트와 비인간 계정의 자격증명이 탈취되거나, 권한 위임 결함과 에이전트 간 통신 위조로 권한이 악용되는 리스크 | D17: API 키와 토큰, OAuth 위임, 에이전트 신원, 에이전트 간(A2A, MCP) 메시지 | E17: 누구의 신원과 권한으로 행위가 이루어지는가의 문제면 D07 | F17: =SUMPRODUCT((통합매트릭스!$A$5:$A$131=A17)/COUNTIFS(통합매트릭스!$A$5:$A$131,통합매트릭스!$A$5:$A$131,통합매트릭스!$B$5:$B$131,통합매트릭스!$B$5:$B$131)) | G17: =COUNTIF(통합매트릭스!$A$5:$A$131,A17) | H17: =COUNTIFS(통합매트릭스!$A$5:$A$131,A17,통합매트릭스!$I$5:$I$131,"매우 높음")+COUNTIFS(통합매트릭스!$A$5:$A$131,A17,통합매트릭스!$I$5:$I$131,"높음")
A18: D08. AI 공급망 침해 | B18: AI Supply Chain Compromise | C18: 외부에서 도입하는 모델, 데이터셋, 패키지, 에이전트 도구가 오염되거나 위장되어 조직 환경에 악성 요소가 유입되는 리스크 | D18: 모델 허브, 패키지 레지스트리, MCP 서버, 플러그인 및 스킬 레지스트리 | E18: 제3자 구성요소가 유입 경로면 D08. 조직 내부 데이터 소스의 오염은 D03 | F18: =SUMPRODUCT((통합매트릭스!$A$5:$A$131=A18)/COUNTIFS(통합매트릭스!$A$5:$A$131,통합매트릭스!$A$5:$A$131,통합매트릭스!$B$5:$B$131,통합매트릭스!$B$5:$B$131)) | G18: =COUNTIF(통합매트릭스!$A$5:$A$131,A18) | H18: =COUNTIFS(통합매트릭스!$A$5:$A$131,A18,통합매트릭스!$I$5:$I$131,"매우 높음")+COUNTIFS(통합매트릭스!$A$5:$A$131,A18,통합매트릭스!$I$5:$I$131,"높음")
A19: D09. AI 인프라 노출 및 자원 고갈 | B19: AI Infrastructure Exposure & Resource Exhaustion | C19: AI 서비스와 인프라가 통제 밖에서 외부에 노출되거나 운영 데이터 경로로 정보가 새어 나가고, 자원 고갈로 가용성과 비용 피해가 발생하는 리스크 | D19: 서빙 인프라, 외부 노출 서비스, 사용자 단말의 AI 어시스턴트, 관측성 도구와 라벨링 경로 | E19: 인프라 구성과 운영 방식이 원인이면 D09 | F19: =SUMPRODUCT((통합매트릭스!$A$5:$A$131=A19)/COUNTIFS(통합매트릭스!$A$5:$A$131,통합매트릭스!$A$5:$A$131,통합매트릭스!$B$5:$B$131,통합매트릭스!$B$5:$B$131)) | G19: =COUNTIF(통합매트릭스!$A$5:$A$131,A19) | H19: =COUNTIFS(통합매트릭스!$A$5:$A$131,A19,통합매트릭스!$I$5:$I$131,"매우 높음")+COUNTIFS(통합매트릭스!$A$5:$A$131,A19,통합매트릭스!$I$5:$I$131,"높음")
A20: D10. 사용자 기만 및 AI 거버넌스 미흡 | B20: User Deception & AI Governance Gaps | C20: AI 출력을 신뢰하는 사용자가 기만되어 위험한 판단을 내리거나, 감사 체계와 데이터 수명주기 관리가 미흡하여 책임 추적과 규제 준수가 어려워지는 리스크 | D20: 사용자와 승인자, 감사 로그, 데이터 분류와 보존 및 폐기 체계 | E20: 사람의 판단 또는 관리체계의 미흡이 원인이면 D10 | F20: =SUMPRODUCT((통합매트릭스!$A$5:$A$131=A20)/COUNTIFS(통합매트릭스!$A$5:$A$131,통합매트릭스!$A$5:$A$131,통합매트릭스!$B$5:$B$131,통합매트릭스!$B$5:$B$131)) | G20: =COUNTIF(통합매트릭스!$A$5:$A$131,A20) | H20: =COUNTIFS(통합매트릭스!$A$5:$A$131,A20,통합매트릭스!$I$5:$I$131,"매우 높음")+COUNTIFS(통합매트릭스!$A$5:$A$131,A20,통합매트릭스!$I$5:$I$131,"높음")
A22: 3. 위험 평가 기준 (Lv3 단위)
A23: 항목 | B23: 상 | C23: 중 | D23: 하 | E23: 산정 방식
A24: 발생가능성 | B24: 실제 사고 2건 이상 (ATLAS Incident 사례 + OWASP 인용 실제 사고) | C24: 실제 사고 1건, 또는 실증 사례(연구·레드팀)·Realized 기법·공개 취약점/익스플로잇 존재 | D24: 이론적으로 가능하나 실제 사례·실증·공개 취약점 없음 | E24: 근거(ATLAS 사례·OWASP 인용 실제 사고·Realized 기법·공개 취약점) 기준 산정. LITE는 v3.1 산정값을 고정하며, 사례·근거 개정 시 기준에 따라 재평가(드롭다운 수정)
A25: 심각도 | B25: AI 시스템 전체 통제권 탈취 또는 중요·개인정보 대량 탈취 가능성 높음 (호스트·에이전트 장악, 연동 자격증명 탈취, 대량 반출) | C25: 부분적 통제 상실 또는 제한된 범위의 정보 노출·무결성 훼손·재무 피해 | D25: 영향 범위 제한적, 경미한 정보 노출 또는 일시적 장애 (준비·탐색 단계 포함) | E25: 분석자 평가(심각도 근거 열에 사유 기재) — 기준: 통제권 범위, 정보 노출 규모, 피해 지속성. 드롭다운으로 수정 가능
A26: 위험도 | B26: 매우 높음: 상×상 | C26: 높음: 상×중, 중×상 / 보통: 중×중, 상×하, 하×상 | D26: 낮음: 중×하, 하×중, 하×하 | E26: 발생가능성 × 심각도 3×3 매트릭스(수식, 자동 재계산)
A28: 4. 근거 수준 정의 (높은 순)
A29: 근거 수준 | B29: 판정 기준
A30: 실제 사고 확인 | B30: ATLAS Incident 사례 또는 OWASP 원문이 인용한 실제 사고가 1건 이상 연결('실제 사고 수' ≥ 1)
A31: 실사용 기법 포함 | B31: 실제 사고 연결은 없으나 ATLAS Maturity 'Realized' 기법이 귀속
A32: 실증·공개 취약점 | B32: 연구·레드팀 실증 사례(ATLAS Exercise) 또는 OWASP 인용 CVE·공개 익스플로잇 존재
A33: 이론·시나리오 | B33: 공개 근거 없음(OWASP 위험 정의·시나리오 기반). '발생하지 않음'이 아니라 '공개 근거 없음'을 의미

Sheet ATLAS사례연구
A1: MITRE ATLAS 사례연구(73건) — 요약 및 Lv3 매핑
A2: 주 Lv3 = 분석자가 지정한 대표 세부 위협. 매핑 Lv3 = 공식 절차(employs) 기법의 Lv3 + 분석자 보완. 유형: Incident=실제 사고, Exercise=실증
A4: 사례 ID | B4: 사례명 | C4: 유형 | D4: 발생·공개 시점 | E4: 행위자 | F4: 대상 | G4: 국문 요약 | H4: 주 Lv3 | I4: 매핑 Lv3 (전체) | J4: URL
A5: AML.CS0000 | B5: Evasion of Deep Learning Detector for Malware C&C Traffic | C5: Exercise | D5: 2020 | E5: Palo Alto Networks AI Research Team | F5: Palo Alto Networks malware detection system | G5: 공개 논문을 재현한 대리모델로 악성 C&C 트래픽 탐지 딥러닝 모델을 회피 | H5: UT-17.1 | I5: UT-01.1, UT-02.2, UT-16.1, UT-17.1 | J5: https://atlas.mitre.org/case-studies/AML.CS0000
A6: AML.CS0001 | B6: Botnet Domain Generation Algorithm (DGA) Detection Evasion | C6: Exercise | D6: 2020 | E6: Palo Alto Networks AI Research Team | F6: Palo Alto Networks ML-based DGA detection module | G6: 도메인명 변형 기법으로 CNN 기반 봇넷 DGA 탐지기를 우회 | H6: UT-17.1 | I6: UT-01.1, UT-02.1, UT-02.2, UT-17.1 | J6: https://atlas.mitre.org/case-studies/AML.CS0001
A7: AML.CS0002 | B7: VirusTotal Poisoning | C7: Incident | D7: 2020 | E7: Unknown | F7: VirusTotal | G7: VirusTotal에 변종 샘플을 대량 제출해 크라우드소싱 학습 데이터를 오염 | H7: UT-09.1 | I7: UT-02.1, UT-09.1, UT-17.1, UT-28.1 | J7: https://atlas.mitre.org/case-studies/AML.CS0002
A8: AML.CS0003 | B8: Bypassing Cylance's AI Malware Detection | C8: Exercise | D8: 2019-09-07 | E8: Skylight Cyber | F8: CylancePROTECT, Cylance Smart Antivirus | G8: Cylance AI 악성코드 탐지기의 판단 로직을 분석해 범용 우회 문자열 생성 | H8: UT-17.1 | I8: UT-01.1, UT-01.3, UT-02.1, UT-15.3, UT-17.1 | J8: https://atlas.mitre.org/case-studies/AML.CS0003
A9: AML.CS0004 | B9: Camera Hijack Attack on Facial Recognition System | C9: Incident | D9: 2020 | E9: Two individuals | F9: Shanghai government tax office's facial recognition service | G9: 카메라 영상 주입으로 얼굴인식 인증을 우회해 세금 사기(실제 사고) | H9: UT-17.1 | I9: UT-01.1, UT-01.3, UT-02.1, UT-02.3, UT-04.1, UT-17.1 | J9: https://atlas.mitre.org/case-studies/AML.CS0004
A10: AML.CS0005 | B10: Attack on Machine Translation Services | C10: Exercise | D10: 2020-04-30 | E10: Berkeley Artificial Intelligence Research | F10: Google Translate, Bing Translator, Systran Translate | G10: 번역 API 질의로 모델을 복제하고 적대적 예제를 원 서비스에 전이 | H10: UT-16.1 | I10: UT-01.1, UT-01.3, UT-02.2, UT-09.4, UT-16.1, UT-17.1 | J10: https://atlas.mitre.org/case-studies/AML.CS0005
A11: AML.CS0006 | B11: ClearviewAI Misconfiguration | C11: Incident | D11: 2020-04 | E11: Researchers at spiderSilk | F11: Clearview AI facial recognition tool | G11: Clearview AI 저장소 설정 오류로 소스코드·자격증명·모델 노출 | H11: UT-31.1 | I11: UT-02.2, UT-02.3, UT-02.6, UT-09.4, UT-25.1, UT-31.1 | J11: https://atlas.mitre.org/case-studies/AML.CS0006
A12: AML.CS0007 | B12: GPT-2 Model Replication | C12: Exercise | D12: 2019-08-22 | E12: Researchers at Brown University | F12: OpenAI GPT-2 | G12: 공개 정보로 GPT-2 규모 모델을 재현(모델 복제) | H12: UT-16.1 | I12: UT-01.1, UT-02.2, UT-02.3, UT-16.1 | J12: https://atlas.mitre.org/case-studies/AML.CS0007
A13: AML.CS0008 | B13: ProofPoint Evasion | C13: Exercise | D13: 2019-09-09 | E13: Researchers at Silent Break Security | F13: ProofPoint Email Protection System | G13: ProofPoint 이메일 보호 모델의 복제본을 만들어 실서비스 탐지 회피 | H13: UT-17.1 | I13: UT-01.3, UT-15.3, UT-16.1, UT-17.1 | J13: https://atlas.mitre.org/case-studies/AML.CS0008
A14: AML.CS0009 | B14: Tay Poisoning | C14: Incident | D14: 2016-03-23 | E14: 4chan Users | F14: Microsoft's Tay AI Chatbot | G14: Tay 챗봇이 사용자 대화로 온라인 학습되며 오염되어 혐오 발언 생성(실제 사고) | H14: UT-09.3 | I14: UT-01.3, UT-09.1, UT-09.3, UT-09.4, UT-28.1 | J14: https://atlas.mitre.org/case-studies/AML.CS0009
A15: AML.CS0010 | B15: Microsoft Azure Service Disruption | C15: Exercise | D15: 2020 | E15: Microsoft AI Red Team | F15: Internal Microsoft Azure Service | G15: 레드팀이 기존 침투기법과 AI 회피를 결합해 Azure 내부 서비스 중단 시연 | H15: UT-17.1 | I15: UT-01.1, UT-01.3, UT-02.6, UT-16.2, UT-17.1, UT-25.4 | J15: https://atlas.mitre.org/case-studies/AML.CS0010
... A77: AML.CS0072 | B77: AI Recommendation Poisoning via Crafted AI Assistant Links | C77: Incident | D77: 2026-02-10 | E77: Multiple commercial entities; 31 distinct companies identified | F77: Users of AI assistants with persistent memory features, including Microsoft 365 Copilot, ChatGPT, Claude, Perplexity, and Grok | G77: 조작된 AI 비서 링크로 메모리를 오염시켜 특정 제품을 추천하게 만드는 홍보성 공격(실제 사고) | H77: UT-11.1 | I77: UT-02.1, UT-02.3, UT-06.3, UT-07.4, UT-11.1, UT-20.3 | J77: https://atlas.mitre.org/case-studies/AML.CS0072

Sheet 변경이력
A1: 변경이력
A2: 개정은 새 버전 파일로 저장하고 이 시트 상단에 기록. 이전 버전 상세 이력은 v3.1 원본 '변경이력' 시트 참조
A4: 버전 | B4: 일자 | C4: 구분 | D4: 대상 | E4: 변경 내용 | F4: 사유
A5: v3.1 LITE | B5: 2026-10-02 | C5: 시트 삭제 | D5: 13개 시트 | E5: 삭제: Lv2요약, 공격체인시나리오, ATLAS사례절차, OWASP상세, 커버리지히트맵, ATLAS전술×Lv3, ATLAS기법매핑, 완화책×UT, ATLAS완화책매핑, 소스항목사전, 공식크로스워크검증, LLM번호변환, 설계노트 (설계노트의 분류·평가 기준은 '도메인·평가기준'에 통합) | F5: 최종 산출물 경량화 — 도메인·위협 분류·세부 위협·설명·사례 중심으로 재구성
A6: v3.1 LITE | B6: 2026-10-02 | C6: 열 삭제 | D6: 통합매트릭스 48열 → 17열 | E6: 삭제: 발생가능성 근거 (자동 산정), 연관 공격 단계 (ATLAS 전술), 예측 AI, LLM 앱, RAG, AI 에이전트, 멀티에이전트·MCP, 영향, 기획/개발, 배포, 운영, 종료, 생애주기 비고, ATLAS 기법 (연관), 기법 수, Realized 기법 수, Maturity 분포 (R/D/F), LLM 2026 (보조), ASI 2026 (보조), DSGAI 2026 (보조), MCP (보조), 소스 커버리지 (0~5), ATLAS 사례 수, OWASP 인용 취약점·익스플로잇 수, 관련 ATLAS 사례 ID, ATLAS 완화책 (상위 5), 구 UT-ID (v1.2) | F6: 패싯·세부 매핑·집계용 보조 열 제거. 원본 v3.1에 보존
A7: v3.1 LITE | B7: 2026-10-02 | C7: 열 통합 | D7: OWASP 매핑 | E7: LLM·ASI·DSGAI·MCP 주 매핑 4열을 'OWASP 매핑 (주)' 1열로 통합(보조 매핑 제외) | F7: 가독성
A8: v3.1 LITE | B8: 2026-10-02 | C8: 열 통합 | D8: 실제 사고 수 | E8: ATLAS 실제 사고 수 + OWASP 인용 실제 사고 수를 1열로 합산 | F8: 가독성
A9: v3.1 LITE | B9: 2026-10-02 | C9: 수식 고정 | D9: 발생가능성·근거 수준 | E9: 삭제 시트를 참조하던 수식을 v3.1 산정값으로 고정. 위험도·개요 지표·도메인 집계는 LITE 내부 수식으로 재연결 | F9: 삭제 시트 참조 오류 방지
A10: v3.1 | B10: 2026-10-01 | C10: 명칭 변경 | D10: Lv1 도메인 10개 | E10: 보호 대상 명칭 → 영역별 보안 리스크 명칭(OWASP 명명 규칙) | F10: —
A11: v3.0 | B11: — | C11: 구조 개편 | D11: Lv3 127개 | E11: Lv3 세부 위협 도입, ATLAS 기법 21개 UT 간 이동, 위험 평가 추가 | F11: —
